streak#,date,startTime,runningTime(min),Distance(mile),Shoes,temperature(C),weather
2387,20260602,6:29 AM,26.02,2.45,,,
2386,20260601,11:02 PM,42,3.72,,,
2385,20260531,4:54 PM,39,3.42,,,
2384,20260530,7:00 AM,217.72,26.32,,,
2383,20260529,6:45 PM,32.08,3.98,,,
2382,20260528,8:08 PM,47.03,6.02,,,
2381,20260527,11:47 PM,37.08,3.73,,,
2380,20260526,11:06 PM,33,3.26,,,
2379,20260525,11:09 PM,38,3.74,,,
2378,20260524,7:17 AM,24.12,2.42,,,
2377,20260523,7:26 AM,24.02,2.8,,,
2376,20260522,9:39 PM,23,2.23,,,
2375,20260521,11:46 PM,31.02,3.39,,,
2374,20260520,10:42 PM,16.02,1.95,,,
2373,20260519,10:13 AM,19,2.5,,,
2372,20260518,11:45 PM,16.23,1.8,,,
2371,20260517,9:06 AM,32.05,3.71,,,
2370,20260516,8:57 AM,31.08,4.01,,,
2369,20260515,11:28 PM,33.03,3.72,,,
2368,20260514,6:33 AM,33.02,3.76,,,
2367,20260513,11:17 PM,34,3.62,,,
2366,20260512,11:21 PM,24.03,2.86,,,
2365,20260511,11:57 PM,16.02,1.56,,,
2364,20260510,8:36 AM,6.32,0.72,,,
2364,20260510,8:59 AM,18.78,3.14,,,
2363,20260509,8:56 AM,50.03,4.62,,,
2362,20260508,11:29 PM,32.07,3.68,,,
2361,20260507,11:53 PM,15.77,1.53,,,
2360,20260506,11:30 PM,28.22,3.3,,,
2359,20260505,4:12 PM,55.12,6.14,,,
2358,20260504,7:39 PM,37.02,4.36,,,
2357,20260503,9:27 AM,24.23,2.31,,,
2356,20260502,7:30 PM,21,2.47,,,
2355,20260501,6:38 AM,29.08,3.34,,,
2354,20260430,7:30 AM,34.02,3.33,,,
2353,20260429,2:55 PM,24.02,2.6,,,
2352,20260428,10:26 PM,16.88,1.54,,,
2351,20260427,8:33 PM,17.07,1.33,,,
2350,20260426,11:25 PM,35.02,3.69,,,
2349,20260425,6:21 PM,21.97,2.28,,,
2348,20260424,11:31 PM,20.95,2.04,,,
2347,20260423,11:41 PM,19.03,1.56,,,
2346,20260422,11:27 PM,25.03,1.8,,,
2345,20260421,8:52 AM,19.02,1.35,,,
2344,20260420,10:16 AM,182.23,26.38,,,
2343,20260419,9:17 AM,1.12,0.09,,,
2343,20260419,3:29 PM,12.87,1.35,,,
2342,20260418,9:26 AM,20.1,2.25,,,
2341,20260417,3:57 PM,38,4.07,,,
2340,20260416,11:08 PM,52.08,6.85,,,
2339,20260415,10:28 PM,32.13,3.83,,,
2338,20260414,12:44 PM,31.78,3.49,,,
2337,20260413,4:49 PM,62.25,8.01,,,
2336,20260412,7:58 AM,22.05,2.59,,,
2335,20260411,2:42 PM,99.02,11.42,,,
2334,20260410,8:15 PM,19.75,2.03,,,
2333,20260409,11:29 PM,38.58,3.7,,,
2332,20260408,8:56 AM,39.22,5,,,
2331,20260407,11:56 PM,25.02,2.07,,,
2330,20260406,6:20 PM,20.08,1.72,,,
2329,20260405,9:12 AM,169.03,22.16,,,
2328,20260404,6:18 PM,32.02,3.59,,,
2327,20260403,11:45 PM,38,3.75,,,
2326,20260402,6:33 PM,48.02,6.16,,,
2325,20260401,11:17 PM,40.02,5.05,,,
2324,20260331,11:26 PM,52.07,5.09,,,
2323,20260330,8:04 PM,76.08,9.75,,,
2322,20260329,9:29 AM,44.02,4.05,,,
2321,20260328,5:35 AM,175.02,22.55,,,
2320,20260327,3:57 PM,38,4.46,,,
2319,20260326,10:41 PM,69,9.32,,,
2318,20260325,11:39 PM,48,5.18,,,
2317,20260324,11:35 PM,43.05,4.42,,,
2316,20260323,6:21 PM,89,11.4,,,
2315,20260322,11:33 PM,39,3.74,,,
2314,20260321,5:55 AM,164.02,20.05,,,
2313,20260320,5:39 PM,52.05,6.16,,,
2312,20260319,2:58 PM,98.02,13.15,,,
2311,20260318,11:34 PM,54,6.15,,,
2310,20260317,10:22 PM,34.88,4.6,,,
2310,20260317,11:01 PM,48,5.72,,,
2309,20260316,11:52 PM,33,3.71,,,
2308,20260315,2:10 PM,31.03,3.55,,,
2307,20260314,10:35 AM,109.13,13.15,,,
2306,20260313,4:40 PM,108,14.58,,,
2305,20260312,11:33 PM,29.02,3.24,,,
2304,20260311,12:04 PM,58.08,6.7,,,
2303,20260310,11:51 PM,26,3.29,,,
2302,20260309,10:55 PM,15.78,1.77,,,
2301,20260308,3:06 PM,53.02,6.04,,,
2300,20260307,2:31 PM,88.02,12.1,,,
2300,20260307,6:04 PM,4.87,0,,,
2299,20260306,1:52 PM,50.1,6.25,,,
2298,20260305,11:42 PM,70.02,9.03,,,
2297,20260304,12:10 PM,56.03,6.48,,,
2296,20260303,5:27 PM,69.12,9.22,,,
2295,20260302,11:40 PM,18.9,2.04,,,
2294,20260301,9:24 AM,89,11.07,,,
2293,20260228,11:40 PM,20.35,2.43,,,
2292,20260227,4:09 PM,101.03,14.07,,,
2291,20260226,10:41 PM,62.02,6.6,,,
2290,20260225,4:04 PM,60.13,7.31,,,
2289,20260224,12:35 PM,75.02,9.86,,,
2288,20260223,11:39 PM,16.08,1.7,,,
2287,20260222,10:47 PM,23,2.17,,,
2286,20260221,7:33 AM,125.88,13.15,,,
2285,20260220,11:15 PM,34.13,3.64,,,
2284,20260219,3:08 PM,19.1,2.22,,,
2283,20260218,6:37 PM,15.97,1.57,,,
2282,20260217,6:26 PM,7.37,0.7,,,
2281,20260216,1:44 PM,15.93,1.66,,,
2280,20260215,11:34 PM,27.03,2.57,,,
2279,20260214,2:53 PM,109.03,14.4,,,
2278,20260213,8:42 AM,78.08,10.66,,,
2277,20260212,11:32 PM,31.02,3.67,,,
2276,20260211,11:29 PM,40.02,4.2,,,
2275,20260210,1:20 PM,80.02,10.28,,,
2274,20260209,11:49 PM,16,1.73,,,
2273,20260208,10:17 AM,114.08,12.46,,,
2272,20260207,11:46 PM,12.93,1.28,,,
2271,20260206,3:36 PM,152,20.11,,,
2270,20260205,11:31 PM,36.02,3.74,,,
2269,20260204,12:00 PM,53.05,6.59,,,
2268,20260203,11:53 AM,64.05,8.87,,,
2267,20260202,11:13 PM,38.12,3.73,,,
2266,20260201,1:35 PM,55.98,6.81,,,
2265,20260131,6:06 AM,107.02,12.7,,,
2264,20260130,6:11 AM,40.23,4.18,,,
2263,20260129,3:11 PM,111,13.3,,,
2262,20260128,11:04 PM,60,6.8,,,
2261,20260127,9:26 PM,61.07,6.97,,,
2260,20260126,11:33 AM,14.12,1.44,,,
2260,20260126,9:52 PM,78.1,8.21,,,
2259,20260125,4:43 PM,114.82,13.15,,,
2258,20260124,8:40 AM,43.03,5.18,,,
2258,20260124,2:33 PM,133.02,16.27,,,
2257,20260123,10:36 AM,112.02,13.5,,,
2256,20260122,2:20 PM,115.02,13.28,,,
2255,20260121,6:09 AM,36.03,3.69,,,
2255,20260121,12:11 PM,97,11.07,,,
2254,20260120,9:55 PM,75.02,8.05,,,
2253,20260119,4:13 PM,54.03,6.12,,,
2252,20260118,10:59 AM,117,13.25,,,
2252,20260118,4:23 PM,108,11.68,,,
2251,20260117,8:59 AM,14.9,1.44,,,
2251,20260117,9:32 AM,111,13.23,,,
2251,20260117,5:13 PM,62,6.65,,,
2250,20260116,5:54 AM,40.02,4.25,,,
2250,20260116,2:22 PM,121.03,16.06,,,
2249,20260115,4:41 PM,37.07,3.95,,,
2248,20260114,12:00 PM,114,13.61,,,
2247,20260113,12:36 PM,107,13.22,,,
2246,20260112,11:52 AM,34.03,4.01,,,
2246,20260112,5:39 PM,58,6.58,,,
2245,20260111,8:41 AM,125.67,13.18,,,
2245,20260111,7:36 PM,25.32,2.57,,,
2244,20260110,8:07 AM,106.03,13.2,,,
2244,20260110,1:34 PM,5.3,0.39,,,
2244,20260110,2:13 PM,5.3,0.51,,,
2243,20260109,3:32 PM,79.15,9.06,,,
2242,20260108,3:07 PM,110.05,14,,,
2241,20260107,11:08 AM,99.05,13.15,,,
2240,20260106,8:27 AM,94,11.11,,,
2239,20260105,10:13 PM,99.02,11.18,,,
2078,20260104,7:44 AM,48.15,2.36,,,
2078,20260104,1:42 PM,100.02,10.06,,,2238
2077,20260103,2:18 PM,97.2,10.18,,,
2076,20260102,12:00 PM,114.02,14.34,,, 
2075,20260101,10:59 PM,21.75,2.26,,,
2074,20251231,2:34 PM,97.3,12.58,,,
2073,20251230,2:44 PM,61.1,6.67,,,
2072,20251229,4:31 PM,72,8.05,,,
2071,20251228,3:30 PM,19,1.87,,,
2070,20251227,2:04 PM,88.02,10.27,,,
2069,20251226,7:21 AM,112.12,15.02,,,
2068,20251225,10:08 AM,55,6.5,,,
2067,20251224,9:03 AM,53.18,7,,,
2067,20251224,2:25 PM,12.02,1.18,,,
2066,20251223,5:47 PM,72.03,9.04,,,
2065,20251222,11:45 PM,18.02,1.99,,,
2064,20251221,3:06 PM,14.78,1.4,,,
2063,20251220,8:50 AM,119,14.56,,,
2062,20251219,9:51 AM,58.02,6.83,,,
2061,20251218,7:17 AM,64.1,8.62,,,
2060,20251217,12:10 PM,52.17,6.38,,,
2059,20251216,11:59 AM,48.12,6.12,,,
2058,20251215,11:34 PM,30.03,3.79,,,
2057,20251214,10:37 AM,65.13,7.85,,,
2056,20251213,7:43 AM,94,10.45,,,
2055,20251212,10:46 PM,33.08,3.69,,,
2054,20251211,3:03 PM,60.1,6.58,,,
2053,20251210,12:03 PM,41.92,5.06,,,
2052,20251209,11:50 PM,15.08,1.61,,,
2051,20251208,11:10 AM,68,8.86,,,
2050,20251207,10:35 PM,30,3.72,,,
2049,20251206,8:41 AM,120.02,13.4,,,
2048,20251205,11:42 PM,18.02,2.16,,,
2047,20251204,2:41 PM,52,6.51,,,
2046,20251203,12:07 PM,52.02,6.33,,,
2045,20251202,9:43 AM,53,6.56,,,
2044,20251201,10:47 PM,43.03,5.12,,,
2043,20251130,11:18 AM,99.02,13.23,,,
2042,20251129,5:34 PM,55.93,6.21,,,
2041,20251128,1:30 PM,64.32,6.47,,,
2040,20251127,8:32 AM,142.37,15.83,,,
2039,20251126,11:04 AM,49.05,6.15,,,
2038,20251125,11:12 AM,62.1,8.94,,,
2037,20251124,11:00 PM,47.08,5.1,,,
2036,20251123,11:37 PM,21.05,2.42,,,
2035,20251122,1:44 PM,112.18,14.22,,,
2034,20251121,10:59 PM,31.02,3.64,,,
2033,20251120,11:40 PM,19.15,2,,,
2032,20251119,3:07 PM,35.05,5.11,,,
2031,20251118,10:42 PM,41.05,5.05,,,
2030,20251117,9:32 AM,32.07,3.86,,,
2029,20251116,8:24 AM,31.03,3.68,,,
2028,20251115,7:44 AM,75.05,9.72,,,
2027,20251114,12:04 PM,34.08,4.43,,,
2026,20251113,10:22 PM,38.03,4.37,,,
2025,20251112,12:14 PM,41.08,5.15,,,
2024,20251111,10:38 AM,51.02,6.07,,,
2023,20251110,11:23 AM,47.18,6.03,,,
2022,20251109,9:29 AM,90.02,10.98,,,
2021,20251108,7:53 AM,77,8.94,,,
2020,20251107,10:18 PM,30.02,3.71,,,
2019,20251106,12:15 PM,34.02,4.44,,,
2018,20251105,12:00 PM,26.05,3.23,,,
2017,20251104,12:31 PM,34.07,5.1,,,
2016,20251103,10:29 PM,41.03,5.06,,,
2015,20251102,6:41 AM,17.22,1.72,,,
2014,20251101,11:53 AM,16.03,2.05,,,
2013,20251031,10:33 AM,34.1,5.12,,,
2012,20251030,9:55 PM,41.08,5.02,,,
2011,20251029,12:01 PM,25.03,2.88,,,
2010,20251028,10:31 PM,38.03,4.4,,,
2009,20251027,10:16 PM,26.05,3.64,,,
2008,20251026,10:44 PM,21.08,2.38,,,
2007,20251025,7:37 AM,115.13,14.17,,,
2006,20251024,11:32 AM,26.12,3.23,,,
2005,20251023,7:51 AM,76.07,9.83,,,
2004,20251022,9:40 AM,20.1,2.3,,,
2003,20251021,10:41 PM,33.17,4.03,,,
2002,20251020,1:47 PM,36.02,4.44,,,
2001,20251019,8:27 AM,112.03,13.66,,,
2000,20251018,10:28 PM,32,3.71,,,
1999,20251017,10:40 AM,34.03,4.05,,,
1998,20251016,9:22 AM,41.15,5.09,,,
1997,20251015,1:10 PM,20.1,2.39,,,
1996,20251014,7:53 PM,17.9,2.1,,,
1995,20251013,11:24 PM,42.92,5.18,,,
1994,20251012,1:17 PM,67.02,9.2,,,
1993,20251011,10:06 AM,40.2,5.6,,,
1992,20251010,11:46 PM,15.02,1.76,,,
1991,20251009,8:12 AM,77.27,10.32,,,
1990,20251008,12:17 PM,31.02,3.47,,,
1989,20251007,10:03 PM,39,5.03,,,
1988,20251006,10:28 PM,35.03,4.11,,,
1987,20251005,7:54 AM,91.03,12.27,,,
1986,20251004,12:39 PM,39.08,5.02,,,
1985,20251003,9:37 AM,64.02,8.89,,,
1984,20251002,10:13 PM,38.1,5.02,,,
1983,20251001,12:05 PM,29.03,3.36,,,
1982,20250930,1:13 PM,40.02,5.08,,,
1981,20250929,2:00 PM,41.1,5.18,,,
1980,20250928,6:43 AM,23.02,2.3,,,
1979,20250927,9:15 AM,64.1,6.85,,,
1978,20250926,9:24 AM,11.08,1.46,,,
1977,20250925,8:06 AM,61.05,8.03,,,
1976,20250924,11:57 AM,26.02,3.21,,,
1975,20250923,9:46 AM,59.15,7.53,,,
1974,20250922,8:58 AM,43.05,6.07,,,
1973,20250921,9:06 AM,64.02,8.44,,,
1972,20250920,8:38 AM,63.02,7.44,,,
1971,20250919,8:31 AM,36.08,4.45,,,
1970,20250918,8:20 AM,65.02,8.79,,,
1969,20250917,2:23 PM,41.02,5.06,,,
1968,20250916,10:59 PM,29,3.61,,,
1967,20250915,9:23 AM,28,3.67,,,
1966,20250914,10:48 PM,29.03,3.62,,,
1965,20250913,11:06 AM,35.1,4.45,,,
1964,20250912,8:50 AM,32.03,3.98,,,
1963,20250911,8:41 AM,52.1,6.92,,,
1962,20250910,11:54 AM,34.07,4.45,,,
1961,20250909,9:52 AM,39,5.25,,,
1960,20250908,8:43 AM,48.08,5.64,,,
1959,20250907,9:13 AM,89.02,10.48,,,
1958,20250906,11:15 AM,28.07,2.66,,,
1957,20250905,7:42 AM,52.03,6.81,,,
1956,20250904,10:46 PM,21,2.48,,,
1955,20250903,9:26 AM,28.05,3.68,,,
1954,20250902,10:26 PM,30.02,3.6,,,
1953,20250901,8:30 AM,89.68,13.16,,,
1952,20250831,12:27 PM,30,3.66,,,
1951,20250830,9:30 AM,42.03,5.55,,,
1950,20250829,10:42 AM,29.02,3.67,,,
1949,20250828,11:26 PM,36.05,4.78,,,
1948,20250827,2:54 PM,32.13,3.78,,,
1947,20250826,6:18 PM,28.02,3.54,,,
1946,20250825,5:47 PM,26.02,3.25,,,
1945,20250824,10:13 PM,32.05,3.67,,,
1944,20250823,10:13 AM,100.05,12.17,,,
1943,20250822,6:52 PM,17.05,2.03,,,
1942,20250821,9:46 PM,28.03,3.22,,,
1941,20250820,6:37 PM,24.92,3.16,,,
1940,20250819,9:52 AM,78.1,10.49,,,
1939,20250818,10:41 PM,32.03,3.74,,,
1938,20250817,10:43 PM,80.03,9.12,,,
1937,20250816,8:21 AM,27.03,3.3,,,
1936,20250815,7:31 AM,29.33,3.31,,,
1935,20250814,11:54 PM,25.02,2.89,,,
1934,20250813,7:23 AM,62.02,8.04,,,
1933,20250812,10:59 PM,32.02,3.26,,,
1932,20250811,10:15 PM,60.05,7.04,,,
1931,20250810,11:36 AM,51,6.38,,,
1930,20250809,11:00 AM,18.17,2.22,,,
1930,20250809,12:20 PM,17.03,2.07,,,
1929,20250808,11:22 PM,37.08,4.43,,,
1928,20250807,8:28 AM,28.03,3.73,,,
1927,20250806,10:32 PM,32.03,3.67,,,
1926,20250805,11:43 PM,16.7,1.72,,,
1925,20250804,11:20 PM,19,1.93,,,
1924,20250803,3:49 PM,27.07,3.46,,,
1923,20250802,10:36 PM,32.03,3.57,,,
1922,20250801,8:30 AM,27.18,3.41,,,
1921,20250731,8:32 AM,26.03,3.36,,,
1920,20250730,8:38 AM,24.02,3.26,,,
1919,20250729,8:37 AM,26.03,3.36,,,
1918,20250728,8:27 AM,26.02,3.32,,,
1917,20250727,8:40 AM,62.23,7,,,
1916,20250726,11:02 PM,29.1,3.51,,,
1915,20250725,8:29 AM,27.98,3.41,,,
1914,20250724,8:30 AM,25.98,3.44,,,
1913,20250723,8:27 AM,25.03,3.35,,,
1912,20250722,8:31 AM,27.02,3.37,,,
1911,20250721,8:24 AM,26.03,3.34,,,
1910,20250720,8:45 AM,54.03,6,,,
1909,20250719,9:20 AM,55.28,6.11,,,
1908,20250718,8:25 AM,27.02,3.35,,,
1907,20250717,11:43 PM,17.05,1.71,,,
1906,20250716,8:31 AM,26.03,3.19,,,
1905,20250715,7:19 AM,29.12,3.48,,,
1904,20250714,9:22 AM,32,3.73,,,
1903,20250713,9:03 PM,26.03,3.22,,,
1902,20250712,7:22 AM,47.03,4.8,,,
1901,20250711,8:39 AM,27.97,3.45,,,
1900,20250710,8:34 AM,28.05,3.4,,,
1899,20250709,8:53 AM,20.08,2.77,,,
1898,20250708,8:31 AM,26.02,3.37,,,
1897,20250707,10:49 PM,31.05,3.21,,,
1896,20250706,10:02 PM,29.02,3.17,,,
1895,20250705,10:27 AM,23,2.34,,,
1894,20250704,8:01 PM,16.02,1.48,,,
1893,20250703,8:24 AM,26.17,3.14,,,
1892,20250702,8:34 AM,25.05,3.23,,,
1891,20250701,8:45 AM,16.02,2.05,,,
1890,20250630,10:49 PM,24,2.29,,,
1889,20250629,7:34 PM,33,4.06,,,
1888,20250628,8:12 AM,48.03,5.82,,,
1888,20250628,9:49 AM,11.07,1.31,,,
1887,20250627,8:32 AM,26.03,3.37,,,
1886,20250626,8:43 AM,27.08,3.36,,,
1885,20250625,8:47 AM,25.03,3.21,,,
1884,20250624,8:33 AM,25.97,3.24,,,
1883,20250623,8:34 AM,26.03,3.24,,,
1882,20250622,7:19 AM,26.1,3.04,,,
1881,20250621,12:12 PM,28.03,3.08,,,
1880,20250620,8:20 PM,22,2.31,,,
1879,20250619,11:02 AM,20.25,1.37,,,
1878,20250618,11:43 PM,17.98,1.93,,,
1877,20250617,7:40 AM,30.02,3.31,,,
1876,20250616,9:08 AM,28,3.21,,,
1875,20250615,9:26 AM,15.12,1.71,,,
1874,20250614,8:34 AM,28.9,3.19,,,
1873,20250613,11:06 PM,33.02,3.68,,,
1872,20250612,11:17 PM,32.03,3.15,,,
1871,20250611,12:23 PM,47.22,3.17,,,
1870,20250610,10:46 PM,12,0.92,,,
1869,20250609,9:43 AM,20.1,1.78,,,
1868,20250608,7:00 AM,180.53,26.39,,,
1867,20250607,8:59 AM,24.03,2.86,,,
1866,20250606,10:13 PM,42.07,5.01,,,
1865,20250605,10:35 PM,20.15,2.31,,,
1864,20250604,10:18 PM,53,7.07,,,
1863,20250603,10:52 PM,52.1,6.04,,,
1862,20250602,5:46 PM,15.03,1.3,,,
1861,20250601,10:16 AM,95.03,12.07,,,
1860,20250531,8:27 AM,9.35,1.18,,,
1860,20250531,9:16 AM,11.03,1.2,,,
1859,20250530,8:25 AM,42.07,5.11,,,
1858,20250529,9:52 PM,25.02,2.36,,,
1857,20250528,6:51 AM,60.05,8.39,,,
1856,20250527,6:49 AM,58.03,7.04,,,
1855,20250526,10:07 PM,29.07,3.04,,,
1854,20250525,7:57 AM,148.02,16.1,,,
1853,20250524,2:13 PM,77.02,11.12,,,
1852,20250523,11:22 PM,34.02,4.08,,,
1851,20250522,11:23 PM,28.02,3.2,,,
1850,20250521,10:45 PM,52.02,6.07,,,
1849,20250520,10:31 PM,69.03,8.58,,,
1848,20250519,11:32 PM,21.1,2.31,,,
1847,20250518,9:22 AM,152.15,21,,,
1847,20250518,9:24 AM,156.65,21.04,,,
1846,20250517,11:41 AM,35.02,4.03,,,
1845,20250516,4:19 PM,82.05,11.04,,,
1844,20250515,10:17 AM,31,3.27,,,
1843,20250514,10:19 PM,81.05,10.6,,,
1842,20250513,3:37 PM,60.1,7.24,,,
1841,20250512,11:22 PM,30,3.25,,,
1840,20250511,10:11 PM,137,17.28,,,
1839,20250510,7:44 AM,88.32,13.15,,,
1838,20250509,7:57 AM,33.03,4.11,,,
1837,20250508,7:12 PM,36,3.42,,,
1836,20250507,10:43 PM,82.13,11.01,,,
1835,20250506,7:41 PM,58.1,8.03,,,
1834,20250505,10:42 PM,34,3.69,,,
1833,20250504,9:02 AM,126.05,18.01,,,
1832,20250503,9:21 AM,48,5.41,,,
1831,20250502,10:33 AM,87.03,12.07,,,
1830,20250501,12:58 PM,30,3.32,,,
1829,20250430,10:13 PM,71.05,9.04,,,
1828,20250429,10:58 PM,61.15,8,,,
1827,20250428,10:51 PM,15.97,1.74,,,
1826,20250427,6:55 AM,140.05,17.02,,,
1825,20250426,7:06 AM,89.13,13.17,,,
1825,20250426,8:38 AM,4.08,0.4,,,
1824,20250425,6:10 AM,40.03,5.09,,,
1823,20250424,12:55 PM,25,3.29,,,
1822,20250423,6:30 AM,93.07,12,,,
1821,20250422,7:18 AM,57.02,8.04,,,
1820,20250421,11:01 PM,20.08,2.29,,,
1819,20250420,9:17 AM,151.03,20.06,,,
1818,20250419,11:51 AM,46.02,5.03,,,
1817,20250418,10:10 PM,96.03,12.34,,,
1816,20250417,8:47 AM,46.03,6.26,,,
1815,20250416,10:37 PM,27.02,3.38,,,
1814,20250415,7:43 AM,59.02,7.08,,,
1813,20250414,7:41 AM,35.02,4.1,,,
1812,20250413,7:39 AM,79,9.73,,,
1811,20250412,10:25 PM,63.07,8.04,,,
1810,20250411,11:45 PM,14.83,1.24,,,
1809,20250410,9:46 PM,50.02,5.05,,,
1808,20250409,1:41 PM,59.02,8.02,,,
1807,20250408,10:43 PM,65.1,8.32,,,
1806,20250407,9:13 PM,24.65,2.34,,,
1805,20250406,7:16 AM,128.02,16.57,,,
1804,20250405,11:02 AM,54.08,6.87,,,
1803,20250404,9:33 AM,30.03,3.31,,,
1802,20250403,10:55 PM,50.02,6.04,,,
1801,20250402,6:32 AM,92.07,12.07,,,
1800,20250401,10:29 PM,53.12,6.29,,,
1799,20250331,10:09 PM,27.9,3.17,,,
1798,20250330,6:06 AM,159.02,20.03,,,
1797,20250329,11:54 AM,8.58,0.85,,,
1797,20250329,3:32 PM,40.15,5.01,,,
1796,20250328,5:52 AM,14.93,1.58,,,
1795,20250327,12:50 PM,15.07,1.5,,,
1794,20250326,6:21 AM,95.05,12.1,,,
1793,20250325,4:51 PM,60.08,7.23,,,
1792,20250324,11:25 AM,22.07,2.4,,,
1791,20250323,8:08 AM,138.03,18.11,,,
1790,20250322,7:27 AM,59,7.01,,,
1789,20250321,2:28 PM,16.02,1.82,,,
1788,20250320,12:51 PM,85.02,11.35,,,
1787,20250319,10:28 PM,35.05,4.05,,,
1786,20250318,4:47 PM,74.02,10.21,,,
1785,20250317,8:42 PM,15.03,1.71,,,
1784,20250316,8:43 AM,129.08,16.15,,,
1783,20250315,10:27 AM,31.07,4.01,,,
1782,20250314,11:36 PM,20.02,2.31,,,
1781,20250313,10:36 PM,69.07,8.06,,,
1780,20250312,11:11 PM,42.02,5.19,,,
1779,20250311,4:57 PM,66.08,8.08,,,
1778,20250310,11:08 PM,19.92,2.27,,,
1777,20250309,9:49 AM,120.1,16.12,,,
1776,20250308,7:40 AM,125.68,13.07,,,
1776,20250308,12:20 PM,43.02,5.36,,,
1775,20250307,4:56 PM,27.02,3.43,,,
1774,20250306,9:41 PM,83.05,10.05,,,
1773,20250305,4:42 PM,70.02,9.31,,,
1772,20250304,11:11 PM,41.17,5.13,,,
1771,20250303,10:28 PM,26.92,3.27,,,
1770,20250302,7:59 PM,20.97,2.36,,,
1769,20250301,8:18 AM,28.02,3.42,,,
1768,20250228,8:12 AM,26.03,3.17,,,
1767,20250227,8:15 AM,16.02,1.76,,,
1766,20250226,11:11 PM,15.72,1.74,,,
1765,20250225,10:49 PM,14.02,1.56,,,
1764,20250224,7:59 AM,13.05,1.42,,,
1763,20250223,10:37 PM,12.1,1.37,,,
1762,20250222,10:47 PM,17,1.74,,,
1761,20250221,10:30 PM,29.03,3.15,,,
1760,20250220,8:46 AM,58.02,8.03,,,
1759,20250219,10:01 AM,33.93,4.05,,,
1758,20250218,8:48 AM,77.02,10.02,,,
1757,20250217,5:39 PM,18.05,2.04,,,
1756,20250216,8:54 AM,96.07,13.42,,,
1755,20250215,7:57 AM,60,6.64,,,
1754,20250214,10:14 PM,26.05,3.15,,,
1753,20250213,10:50 PM,70.02,9.19,,,
1752,20250212,11:42 PM,14.93,1.72,,,
1751,20250211,6:12 AM,57.12,8.07,,,
1750,20250210,8:02 AM,26.05,3.24,,,
1749,20250209,10:40 PM,28,3.63,,,
1748,20250208,8:52 AM,75.07,8.29,,,
1747,20250207,10:30 PM,28.9,3.29,,,
1746,20250206,9:40 PM,19.92,2.24,,,
1745,20250205,9:13 PM,11.93,1.22,,,
1744,20250204,9:07 PM,19.8,2.03,,,
1743,20250203,11:11 PM,13.05,1.03,,,
1742,20250202,9:38 PM,12.57,1,,,
1741,20250201,9:07 AM,68.82,6.47,,,
1741,20250201,10:31 AM,12.6,1.05,,,
1740,20250131,6:29 AM,43.4,5.04,,,
1740,20250131,7:23 AM,34.08,4.01,,,
1739,20250130,8:02 AM,38.02,4.47,,,
1739,20250130,10:16 AM,41.02,5.29,,,
1739,20250130,10:28 PM,88.68,10.51,,,
1738,20250129,8:50 AM,29.93,3.32,,,
1738,20250129,10:57 AM,32.05,4.04,,,
1738,20250129,5:14 PM,67,8.33,,,
1737,20250128,6:15 AM,45.08,5.33,,,
1737,20250128,7:59 AM,58.02,6.73,,,
1736,20250127,7:58 AM,109.02,13.22,,,
1735,20250126,8:33 AM,93,10.72,,,
1735,20250126,10:42 PM,22.03,2.15,,,
1734,20250125,11:08 AM,25.02,2.46,,,
1734,20250125,6:38 PM,101.07,12.07,,,
1733,20250124,8:00 AM,120.08,14.33,,,
1733,20250124,2:19 PM,47,3.82,,,
1732,20250123,7:21 AM,15.03,1.73,,,
1732,20250123,9:45 AM,63.17,8,,,
1732,20250123,3:12 PM,22.2,2.07,,,
1731,20250122,10:11 PM,34.1,3.82,,,
1730,20250121,9:18 AM,32,3.73,,,
1730,20250121,2:20 PM,9.53,0.86,,,
1729,20250120,8:55 AM,18.12,1.67,,,
1728,20250119,7:02 PM,15.8,1.24,,,
1727,20250118,7:31 AM,97.18,11.04,,,
1727,20250118,11:10 AM,46.02,5.18,,,
1727,20250118,3:54 PM,23.03,2.16,,,
1726,20250117,8:07 AM,90.02,11.15,,,
1726,20250117,1:10 PM,56.5,6.01,,,
1725,20250116,10:13 AM,42.38,5.25,,,
1725,20250116,10:27 PM,77.03,8.57,,,
1724,20250115,7:33 AM,28.05,3.33,,,
1724,20250115,10:02 PM,89,10.06,,,
1723,20250114,6:09 AM,48.03,5.15,,,
1723,20250114,7:54 AM,57.08,6.43,,,
1723,20250114,2:23 PM,21.05,2.19,,,
1722,20250113,8:07 AM,52.02,6.09,,,
1722,20250113,2:20 PM,22.97,2.59,,,
1722,20250113,10:14 PM,74.1,8,,,
1721,20250112,7:42 AM,137.03,16.09,,,
1721,20250112,5:01 PM,11.73,1.07,,,
1720,20250111,6:58 AM,28.65,3.15,,,
1720,20250111,7:51 AM,69.03,8.28,,,
1720,20250111,3:17 PM,81.03,10.09,,,
1719,20250110,6:40 AM,34,3.54,,,
1719,20250110,9:47 AM,99.02,11.93,,,
1718,20250109,6:33 AM,30,3.4,,,
1718,20250109,8:07 AM,86.02,10.1,,,
1718,20250109,2:22 PM,38.13,4.07,,,
1717,20250108,1:21 PM,116.07,14.02,,,
1716,20250107,7:55 AM,49.02,5.43,,,
1716,20250107,2:32 PM,15.05,1.4,,,
1716,20250107,10:11 PM,90.02,10.05,,,
1715,20250106,3:43 PM,62.02,6.52,,,
1715,20250106,10:06 PM,71.2,8.03,,,
1714,20250105,8:04 AM,120.03,13.59,,,
1714,20250105,4:03 PM,56.15,5.49,,,
1713,20250104,10:49 AM,70.02,7.08,,,
1713,20250104,4:29 PM,61.18,6.02,,,
1712,20250103,7:02 AM,121.02,14.26,,,
1712,20250103,4:35 PM,51.02,4.76,,,
1711,20250102,7:13 AM,145.03,16.04,,,
1711,20250102,10:45 AM,7.27,0.58,,,
1711,20250102,5:17 PM,8.33,0.71,,,
1710,20250101,7:49 AM,35.22,4.01,,,
1710,20250101,8:46 AM,30.65,3.09,,,
1710,20250101,9:43 AM,7.17,0.63,,,
1710,20250101,10:30 AM,7.42,0.55,,,
1710,20250101,2:47 PM,17,1.76,,,
1709,20241231,8:24 AM,21.1,1.98,,,
1709,20241231,8:46 AM,77.02,10.01,,,
1708,20241230,8:55 AM,6.33,0.53,,,
1708,20241230,10:52 PM,31.02,4.05,,,
1707,20241229,10:30 AM,61.05,8,,,
1706,20241228,8:16 AM,41.02,5.11,,,
1706,20241228,12:00 PM,13.62,1,,,
1705,20241227,9:01 AM,62.02,8.03,,,
1704,20241226,11:32 PM,41.03,5.02,,,
1703,20241225,11:03 AM,64.03,8.48,,,
1702,20241224,9:33 AM,19.38,3.16,,,
1701,20241223,9:18 AM,38.1,5.11,,,
1700,20241222,4:19 PM,25.03,3.54,,,
1699,20241221,6:40 AM,100,7.2,,,
1698,20241220,7:32 PM,31.02,3.83,,,
1697,20241219,7:24 AM,29.07,3.66,,,
1696,20241218,9:25 PM,25.08,3.2,,,
1695,20241217,10:33 PM,22,2.73,,,
1694,20241216,9:37 AM,37.05,5.1,,,
1693,20241215,9:00 AM,53.02,7.08,,,
1693,20241215,1:42 PM,20.17,1.55,,,
1692,20241214,1:11 PM,29.02,4.33,,,
1691,20241213,9:54 PM,29,3.72,,,
1690,20241212,10:15 PM,19.02,2.07,,,
1689,20241211,2:46 PM,45.1,6.29,,,
1688,20241210,6:17 AM,40.02,5.01,,,
1687,20241209,10:28 PM,19.17,2.04,,,
1686,20241208,7:36 AM,66.02,8.81,,,
1686,20241208,9:31 AM,12.37,1.01,,,
1685,20241207,8:30 AM,27,3.61,,,
1684,20241206,6:30 AM,28.03,3.39,,,
1683,20241205,4:46 PM,23.02,3.15,,,
1682,20241204,6:23 AM,49.08,6.37,,,
1681,20241203,6:30 AM,28.03,3.54,,,
1680,20241202,9:40 AM,11.05,1.08,,,
1680,20241202,10:03 PM,28.02,3.55,,,
1679,20241201,8:07 AM,26.98,3.23,,,
1679,20241201,10:47 AM,12.7,1,,,
1678,20241130,11:29 PM,19.08,2.08,,,
1677,20241129,7:16 AM,63.03,6.7,,,
1676,20241128,8:28 AM,19.17,2.34,,,
1675,20241127,10:14 PM,29.02,3.61,,,
1674,20241126,11:32 PM,29.02,3.74,,,
1673,20241125,11:23 PM,29.85,3.62,,,
1672,20241124,7:04 AM,72.13,6.7,,,
1671,20241123,7:10 AM,34.28,4.13,,,
1671,20241123,7:50 AM,29.03,3.45,,,
1670,20241122,10:26 PM,33.02,4.08,,,
1669,20241121,8:19 AM,23.18,3.33,,,
1668,20241120,11:24 PM,18.03,2.02,,,
1667,20241119,8:13 AM,37,5.05,,,
1666,20241118,11:03 PM,21,2.48,,,
1665,20241117,12:04 PM,10.25,1.01,,,
1664,20241116,9:57 AM,30.15,4.01,,,
1663,20241115,7:42 PM,32.32,4.01,,,
1662,20241114,6:15 AM,51.03,6.56,,,
1661,20241113,4:05 PM,35.02,4.6,,,
1660,20241112,8:14 AM,10.73,1.01,,,
1660,20241112,10:52 PM,31.02,3.65,,,
1659,20241111,11:42 AM,31.03,4.01,,,
1659,20241111,12:33 PM,11.47,1.01,,,
1658,20241110,7:12 AM,103.2,12.7,,,
1657,20241109,11:10 AM,45,4.54,,,
1656,20241108,3:19 PM,30,3.8,,,
1656,20241108,4:13 PM,13.45,1.05,,,
1655,20241107,2:20 PM,60.03,8.3,,,
1654,20241106,6:01 AM,61.12,8.39,,,
1653,20241105,8:24 AM,42.15,4.75,,,
1652,20241104,6:10 PM,17,1.62,,,
1651,20241103,7:11 AM,152.07,20.06,,,
1651,20241103,10:04 AM,12.22,1.02,,,
1650,20241102,8:14 AM,48.05,5.39,,,
1649,20241101,9:44 AM,72.1,10.08,,,
1648,20241031,3:57 PM,42.33,5.12,,,
1647,20241030,3:16 PM,55.02,7.37,,,
1646,20241029,8:23 AM,38.03,4.83,,,
1645,20241028,9:41 AM,18.02,1.5,,,
1644,20241027,12:49 PM,134.02,18.06,,,
1643,20241026,7:59 AM,61.57,7.95,,,
1643,20241026,9:15 AM,6.05,0.7,,,
1642,20241025,10:48 AM,28,3.21,,,
1641,20241024,5:38 AM,81.05,11.06,,,
1640,20241023,1:54 PM,33.05,4.03,,,
1639,20241022,5:16 AM,62.9,9.07,,,
1638,20241021,7:56 PM,16.03,1.93,,,
1637,20241020,8:11 AM,115,13.99,,,
1636,20241019,8:15 AM,41.17,4.54,,,
1636,20241019,9:27 AM,9.98,1.03,,,
1635,20241018,1:29 PM,41.52,5.01,,,
1634,20241017,7:40 AM,77,9.04,,,
1633,20241016,5:21 AM,42.1,4.7,,,
1632,20241015,8:18 AM,46.03,6.16,,,
1631,20241014,6:31 PM,16.02,1.68,,,
1630,20241013,9:17 AM,115,16.06,,,
1629,20241012,8:17 AM,41,5.4,,,
1628,20241011,7:29 AM,29.12,3.16,,,
1627,20241010,5:52 AM,66.02,8.76,,,
1626,20241009,7:01 AM,44.05,5.07,,,
1625,20241008,6:02 AM,52.02,7.06,,,
1624,20241007,9:42 PM,29.03,3.14,,,
1623,20241006,5:41 PM,32,4.04,,,
1622,20241005,7:39 AM,79.02,10.86,,,
1621,20241004,6:27 AM,16.03,1.42,,,
1620,20241003,6:18 AM,40.1,5.08,,,
1620,20241003,7:46 AM,38.67,5.03,,,
1619,20241002,6:47 AM,42,5.01,,,
1618,20241001,9:59 AM,58.08,8,,,
1617,20240930,9:10 AM,25.03,3.24,,,
1616,20240929,7:42 AM,108,14.32,,,
1615,20240928,7:37 PM,31.65,4.01,,,
1614,20240927,8:36 AM,56.4,8.02,,,
1613,20240926,10:06 PM,29.02,3.47,,,
1612,20240925,7:05 AM,26.98,3.15,,,
1611,20240924,5:46 AM,76.45,10.01,,,
1610,20240923,11:54 PM,15.05,1.54,,,
1609,20240922,8:06 AM,152.3,20.01,,,
1608,20240921,8:20 AM,46.78,5.52,,,
1607,20240920,9:40 AM,27,3.18,,,
1606,20240919,1:39 PM,75.03,10.01,,,
1605,20240918,9:51 PM,29.07,3.47,,,
1604,20240917,9:45 PM,46.03,6.03,,,
1603,20240916,9:03 AM,26,3.18,,,
1602,20240915,6:36 AM,97.02,13.16,,,
1601,20240914,9:11 AM,32.07,4.08,,,
1600,20240913,10:42 AM,66.05,9.07,,,
1599,20240912,10:07 PM,26.02,3.47,,,
1598,20240911,7:27 AM,20.02,2.01,,,
1597,20240910,9:44 AM,57.98,8.05,,,
1596,20240909,8:43 AM,24.02,3.18,,,
1595,20240908,10:22 PM,27.05,3.54,,,
1594,20240907,8:11 AM,54.03,6.71,,,
1594,20240907,9:50 AM,10.17,1.11,,,
1593,20240906,10:36 PM,25.12,3.22,,,
1592,20240905,11:00 PM,17.03,1.89,,,
1591,20240904,9:51 PM,39.03,4.89,,,
1590,20240903,11:18 PM,15.03,1.3,,,
1589,20240902,9:19 AM,17.95,1.99,,,
1588,20240901,8:35 AM,27.03,3.2,,,
1587,20240831,8:21 AM,31.03,3.73,,,
1587,20240831,9:41 AM,10.63,1.02,,,
1586,20240830,9:24 PM,30.02,3.32,,,
1585,20240829,4:51 PM,19.05,2.4,,,
1584,20240828,7:40 AM,18.05,2.22,,,
1583,20240827,6:01 AM,17.05,2.17,,,
1582,20240826,6:59 AM,32.03,3.64,,,
1581,20240825,5:26 AM,48.02,5.33,,,
1580,20240824,4:48 AM,108.08,13.15,,,
1579,20240823,5:36 AM,69.23,7.84,,,
1579,20240823,6:56 AM,9.02,1.02,,,
1578,20240822,6:22 AM,67.02,8.8,,,
1577,20240821,4:30 AM,102.02,11.81,,,
1576,20240820,7:11 AM,32.03,4.1,,,
1575,20240819,8:52 AM,31,3.74,,,
1574,20240818,5:46 AM,31.05,3.77,,,
1574,20240818,6:24 AM,20.75,2.29,,,
1573,20240817,4:09 AM,13.88,1.59,,,
1573,20240817,4:36 AM,112.97,13.53,,,
1573,20240817,6:53 AM,20.02,2.17,,,
1572,20240816,6:22 AM,30.98,4.05,,,
1571,20240815,6:12 AM,19,2.01,,,
1570,20240814,5:18 AM,55.05,5.77,,,
1570,20240814,6:49 AM,14.82,1.4,,,
1569,20240813,5:23 AM,54,7.41,,,
1568,20240812,5:27 AM,41.03,4.88,,,
1567,20240811,5:22 AM,28.02,3.45,,,
1566,20240810,5:22 AM,34.02,3.22,,,
1565,20240809,5:19 AM,17.02,1.45,,,
1564,20240808,5:27 AM,58.07,7.58,,,
1564,20240808,6:51 AM,12.1,1.29,,,
1563,20240807,6:03 AM,66.07,7.61,,,
1563,20240807,7:50 AM,11.12,1.01,,,
1562,20240806,5:05 AM,60.08,8,,,
1561,20240805,7:21 AM,14.47,1.37,,,
1560,20240804,6:06 AM,31.07,4.11,,,
1559,20240803,8:37 PM,18.03,2.07,,,
1558,20240802,6:46 AM,40.93,5.48,,,
1557,20240801,8:25 PM,21,2.51,,,
1556,20240731,2:29 PM,16.05,2.17,,,
1556,20240731,7:53 PM,24.5,3.14,,,
1555,20240730,6:34 AM,22.12,3.18,,,
1554,20240729,7:47 AM,24,3.22,,,
1553,20240728,11:41 PM,17.03,1.96,,,
1552,20240727,6:39 AM,15.23,0.51,,,
1551,20240726,8:38 AM,16.18,2.05,,,
1550,20240725,11:19 PM,26.02,3.15,,,
1549,20240724,7:01 AM,31.27,4.19,,,
1548,20240723,11:06 PM,24.08,3,,,
1547,20240722,2:46 PM,28.07,3.18,,,
1546,20240721,11:35 PM,19.05,2.1,,,
1545,20240720,7:15 AM,95.07,13.24,,,
1545,20240720,9:59 AM,10.05,1.11,,,
1544,20240719,9:02 AM,19.25,2.09,,,
1543,20240718,8:43 AM,38.98,5.25,,,
1542,20240717,8:52 AM,28.98,3.79,,,
1541,20240716,8:53 AM,21.07,2.57,,,
1540,20240715,11:35 PM,16.05,1.57,,,
1539,20240714,11:51 AM,26.92,3.18,,,
1538,20240713,7:57 AM,120.02,16.46,,,
1537,20240712,6:41 AM,59.68,8,,,
1536,20240711,8:39 AM,18.07,2.44,,,
1535,20240710,6:36 AM,45.08,5.83,,,
1534,20240709,7:28 AM,50.03,7.02,,,
1533,20240708,7:43 AM,25.02,3.17,,,
1532,20240707,7:54 AM,83.02,10.34,,,
1531,20240706,9:25 AM,29.03,3.23,,,
1530,20240705,10:26 AM,30.05,3.31,,,
1529,20240704,7:53 AM,58.58,6.68,,,
1529,20240704,9:11 AM,8.43,1,,,
1528,20240703,1:53 PM,39.2,5.01,,,
1527,20240702,6:37 AM,65.18,6.96,,,
1526,20240701,8:57 AM,20,2.51,,,
1525,20240630,1:34 PM,66.12,9.09,,,
1525,20240630,2:57 PM,1.12,0.01,,,
1524,20240629,1:37 PM,24.93,3.23,,,
1523,20240628,10:14 PM,62.72,7.01,,,
1522,20240627,11:31 PM,19.05,2.06,,,
1521,20240626,7:01 AM,36.65,5.01,,,
1520,20240625,1:18 PM,38.12,5.01,,,
1519,20240624,11:40 PM,20.17,2.11,,,
1518,20240623,6:34 AM,56.27,7.09,,,
1517,20240622,8:59 AM,16.07,2.02,,,
1516,20240621,7:08 PM,51.95,6.18,,,
1515,20240620,11:52 PM,17.32,2.01,,,
1514,20240619,7:36 AM,30.23,4.01,,,
1513,20240618,11:13 PM,39.25,5,,,
1512,20240617,10:03 PM,18.22,2,,,
1511,20240616,9:55 PM,18.05,2.01,,,
1510,20240615,7:14 AM,52.98,6.01,,,
1509,20240614,11:44 PM,15.07,1.48,,,
1508,20240613,6:44 AM,14.88,1.54,,,
1507,20240612,10:17 PM,43.67,4,,,
1506,20240611,10:56 PM,17.52,1.4,,,
1505,20240610,10:50 AM,13.83,1.15,,,
1504,20240609,7:00 AM,174,26.23,,,
1503,20240608,4:43 PM,32.82,4,,,
1502,20240607,11:23 AM,29.88,4.01,,,
1501,20240606,11:37 PM,18.28,2.01,,,
1500,20240605,7:32 AM,51.17,7.01,,,
1499,20240604,10:04 PM,50.2,6,,,
1498,20240603,8:13 AM,15.02,1.56,,,
1497,20240602,6:55 AM,88.87,12.01,,,
1496,20240601,10:41 PM,17.7,2.01,,,
1495,20240531,12:33 PM,39.45,5.02,,,
1494,20240530,11:34 PM,16.15,1.79,,,
1493,20240529,7:05 AM,59.78,8.01,,,
1492,20240528,11:40 PM,56.57,7.08,,,
1491,20240527,9:26 PM,18.02,2.05,,,
1490,20240526,7:02 AM,119.95,16.02,,,
1489,20240525,7:21 AM,95.02,13.69,,,
1488,20240524,8:36 AM,32.1,3.57,,,
1487,20240523,11:37 PM,16.05,1.62,,,
1486,20240522,9:51 PM,50.38,6.01,,,
1485,20240521,11:18 PM,65.65,8.01,,,
1484,20240520,6:52 AM,18.03,2.02,,,
1483,20240519,3:22 PM,154.02,20.03,,,
1482,20240518,10:38 PM,33.25,4.01,,,
1481,20240517,7:32 AM,83.13,11.01,,,
1480,20240516,11:11 PM,16.02,1.76,,,
1479,20240515,6:19 AM,81.78,10.34,,,
1478,20240514,6:14 AM,59.07,7.05,,,
1477,20240513,9:38 AM,17.77,2,,,
1476,20240512,7:26 AM,126.67,17.01,,,
1475,20240511,6:53 AM,89.67,13.14,,,
1474,20240510,6:15 AM,32.32,4.01,,,
1473,20240509,11:23 PM,17.22,2.01,,,
1472,20240508,6:58 AM,83.05,11.01,,,
1471,20240507,10:54 PM,54.08,6.36,,,
1470,20240506,10:35 PM,29.05,3.51,,,
1469,20240505,6:40 PM,18.38,2.01,,,
1468,20240504,6:14 PM,18.43,2,,,
1467,20240503,11:34 AM,88.25,12,,,
1467,20240503,8:28 PM,0,0.01,,,
1466,20240502,6:45 AM,18.03,2.12,,,
1466,20240502,2:52 PM,50.73,2.8,,,
1465,20240501,7:01 AM,67.08,9.01,,,
1464,20240430,10:36 AM,62.42,8.01,,,
1463,20240429,9:38 PM,18.02,2,,,
1462,20240428,5:20 AM,137.47,17.01,,,
1461,20240427,7:04 AM,90.43,13.14,,,
1460,20240426,12:50 PM,40.58,5,,,
1459,20240425,10:25 AM,16.05,1.69,,,
1458,20240424,6:53 AM,88.15,12,,,
1457,20240423,7:21 AM,59.72,8,,,
1456,20240422,10:23 PM,10.33,1.14,,,
1455,20240421,9:04 AM,146.9,20.01,,,
1454,20240420,7:39 PM,42.03,5.26,,,
1453,20240419,1:10 PM,90.08,12.01,,,
1452,20240418,5:04 PM,17.75,2,,,
1451,20240417,6:23 AM,77.48,11.01,,,
1450,20240416,5:29 PM,57.15,7.01,,,
1449,20240415,10:02 PM,17.03,2,,,
1448,20240414,8:33 AM,102.7,14.01,,,
1447,20240413,8:04 AM,61.22,8,,,
1446,20240412,9:33 PM,17.02,1.95,,,
1445,20240411,8:02 AM,41.33,5,,,
1444,20240410,9:25 AM,59.33,8,,,
1443,20240409,10:13 PM,17.03,1.9,,,
1442,20240408,1:58 PM,7.68,0.86,,,
1442,20240408,4:28 PM,115.28,16.01,,,
1441,20240407,5:44 PM,63.05,8.13,,,
1440,20240406,2:48 PM,18.12,2.08,,,
1439,20240405,6:23 AM,49.9,6.01,,,
1438,20240404,9:35 PM,51.37,6,,,
1437,20240403,11:33 AM,102.92,14.02,,,
1436,20240402,7:12 PM,50.52,6,,,
1435,20240401,5:48 PM,17.02,2.04,,,
1434,20240331,1:35 PM,148.58,20.01,,,
1433,20240330,10:40 PM,43.72,5.01,,,
1432,20240329,11:54 AM,69.85,10.01,,,
1431,20240328,6:48 AM,17.02,2.02,,,
1430,20240327,5:49 AM,89.43,12.01,,,
1429,20240326,1:32 PM,67.62,8.01,,,
1428,20240325,10:14 PM,19.02,2.07,,,
1427,20240324,8:43 AM,133.28,18.01,,,
1426,20240323,11:54 AM,56.75,7.01,,,
1425,20240322,10:37 PM,18.37,2.01,,,
1424,20240321,8:52 AM,79.1,11.01,,,
1423,20240320,7:33 AM,34.67,4.01,,,
1422,20240319,11:55 AM,70.45,10,,,
1421,20240318,10:46 PM,18.12,2.05,,,
1420,20240317,8:05 AM,59.47,7.6,,,
1419,20240316,7:53 AM,32.88,4.02,,,
1418,20240315,9:34 AM,18.03,2.02,,,
1417,20240314,5:48 AM,71.22,8.01,,,
1416,20240313,11:25 PM,43.47,5,,,
1415,20240312,9:12 AM,67.98,8,,,
1414,20240311,5:55 PM,18,2.01,,,
1413,20240310,7:38 AM,113.4,16.01,,,
1412,20240309,6:36 AM,44,5.01,,,
1411,20240308,12:51 PM,21.02,2.38,,,
1410,20240307,9:43 AM,79.02,10,,,
1409,20240306,7:12 AM,44.33,5.02,,,
1408,20240305,10:20 AM,65.03,9,,,
1407,20240304,10:27 PM,20.05,2.06,,,
1406,20240303,7:30 AM,113.6,15,,,
1405,20240302,8:02 PM,34.85,4.01,,,
1404,20240301,5:56 PM,16.03,1.63,,,
1403,20240229,4:36 PM,80.1,10.01,,,
1402,20240228,1:03 PM,43.17,5.01,,,
1401,20240227,6:43 AM,66.18,8.02,,,
1400,20240226,4:48 PM,20.05,2.11,,,
1399,20240225,7:11 AM,102.15,14.01,,,
1398,20240224,9:29 AM,36.52,4.01,,,
1397,20240223,9:26 PM,11.05,1.17,,,
1396,20240222,1:10 PM,61.05,8,,,
1395,20240221,11:35 AM,37.02,4.02,,,
1394,20240220,7:15 AM,78.68,10.01,,,
1393,20240219,9:29 PM,20.02,2.18,,,
1392,20240218,7:56 AM,98.48,13.13,,,
1392,20240218,7:56 AM,98.02,13.16,,,
1391,20240217,3:40 PM,49.2,5,,,
1391,20240217,3:40 PM,40.72,4.19,,,
1390,20240216,10:12 AM,14.23,1.32,,,
1390,20240216,10:12 AM,14.27,1.32,,,
1389,20240215,5:45 AM,81.7,10,,,
1388,20240214,12:06 PM,15.03,1.59,,,
1388,20240214,12:06 PM,14.4,1.53,,,
1387,20240213,6:09 AM,63.63,8,,,
1386,20240212,8:09 PM,20.05,2.26,,,
1385,20240211,6:55 AM,91.03,12.03,,,
1384,20240210,11:36 AM,23.8,2.17,,,
1384,20240210,1:08 PM,21.03,2.33,,,
1383,20240209,7:33 AM,20.05,2.19,,,
1382,20240208,5:36 AM,74.35,9.02,,,
1381,20240207,5:03 PM,20.02,2.12,,,
1380,20240206,8:04 AM,58.03,8.04,,,
1379,20240205,11:04 PM,20,2.25,,,
1378,20240204,7:49 AM,92.03,13.14,,,
1377,20240203,8:17 AM,82.02,8.11,,,
1376,20240202,6:43 AM,20.02,2.62,,,
1375,20240201,6:20 AM,40.1,5.13,,,
1374,20240131,1:44 PM,24.03,3.28,,,
1373,20240130,11:48 PM,12.15,1.36,,,
1372,20240129,6:33 AM,29.02,3.32,,,
1371,20240128,3:52 PM,63.25,9.01,,,
1370,20240127,9:07 AM,65.07,8.12,,,
1369,20240126,6:26 AM,40.02,5.03,,,
1368,20240125,11:06 PM,30.02,3.65,,,
1367,20240124,4:19 PM,66.07,9.05,,,
1366,20240123,4:28 PM,21.12,3.12,,,
1366,20240123,6:53 PM,19.12,2.48,,,
1365,20240122,6:03 AM,48.02,6.36,,,
1364,20240121,3:35 PM,24.08,3.34,,,
1363,20240120,10:39 AM,56.32,8.05,,,
1362,20240119,9:01 PM,28.03,3.62,,,
1361,20240118,10:51 PM,23.02,2.71,,,
1360,20240117,6:55 AM,30,3.58,,,
1359,20240116,10:10 PM,16,1.92,,,
1358,20240115,7:34 AM,19.05,2.49,,,
1357,20240114,9:40 PM,28.07,3.62,,,
1356,20240113,8:10 AM,35.18,4.86,,,
1355,20240112,10:14 PM,27.08,3.36,,,
1354,20240111,6:33 PM,24.1,3.42,,,
1353,20240110,6:02 PM,26.03,3.33,,,
1352,20240109,10:36 PM,26.03,3.32,,,
1351,20240108,1:11 PM,36.13,5.01,,,
1350,20240107,3:40 PM,8.28,0.86,,,
1350,20240107,3:50 PM,3.3,0.38,,,
1350,20240107,9:48 PM,24.18,3,,,
1349,20240106,10:19 AM,33.02,4.77,,,
1348,20240105,11:07 PM,29.2,3.69,,,
1347,20240104,11:48 PM,16.37,2,,,
1346,20240103,9:57 PM,27.02,3.55,,,
1345,20240102,10:33 PM,16.05,2.04,,,
1344,20240101,12:50 PM,26.13,3.44,,,
1344,20240101,1:17 PM,11.13,1.53,,,
1343,20231231,11:23 PM,29.03,3.69,,,
1342,20231230,11:06 AM,25.02,3.45,,,
1341,20231229,11:44 PM,17.08,2.04,,,
1340,20231228,11:44 PM,15.05,1.75,,,
1339,20231227,10:55 PM,27.07,3.24,,,
1338,20231226,11:27 PM,16.07,1.95,,,
1337,20231225,9:45 PM,30,3.5,,,
1336,20231224,9:39 AM,22.12,3.18,,,
1335,20231223,9:55 AM,33.02,4.79,,,
1334,20231222,10:18 PM,28.02,3.55,,,
1333,20231221,10:13 PM,17.03,2.02,,,
1332,20231220,10:04 PM,16,2.04,,,
1331,20231219,10:29 PM,26,3.51,,,
1330,20231218,9:58 PM,17.2,2,,,
1329,20231217,2:47 PM,31.93,4.61,,,
1328,20231216,12:29 PM,26,3.54,,,
1327,20231215,2:53 PM,32.87,4.56,,,
1326,20231214,10:12 PM,28.02,3.64,,,
1325,20231213,11:46 PM,15.05,1.9,,,
1324,20231212,9:30 PM,16.02,1.95,,,
1323,20231211,10:34 PM,29.03,3.74,,,
1322,20231210,8:58 AM,26.08,3.44,,,
1321,20231209,8:50 AM,35.05,4.66,,,
1320,20231208,10:25 PM,19.03,2.3,,,
1319,20231207,10:44 PM,13.93,1.53,,,
1318,20231206,11:03 PM,29.05,3.48,,,
1317,20231205,9:10 PM,28.17,3.54,,,
1316,20231204,10:45 PM,29.07,3.66,,,
1315,20231203,8:19 AM,35.03,4.64,,,
1314,20231202,10:58 PM,27.22,3.55,,,
1313,20231201,11:11 PM,29.03,3.58,,,
1312,20231130,9:51 AM,23.02,3.16,,,
1312,20231130,4:16 PM,35.28,3.17,,,
1311,20231129,11:18 PM,27.02,3.58,,,
1310,20231128,10:59 PM,26.1,3.31,,,
1309,20231127,6:50 PM,27,3.47,,,
1308,20231126,9:22 AM,16.4,2.1,,,
1307,20231125,6:17 PM,26.02,3.32,,,
1306,20231124,11:24 AM,25.07,3.45,,,
1305,20231123,11:38 AM,28.05,3.62,,,
1304,20231122,11:44 PM,16.05,2.03,,,
1303,20231121,11:20 PM,30.25,3.74,,,
1302,20231120,10:42 PM,27.07,3.55,,,
1301,20231119,2:01 PM,42.02,6.03,,,
1300,20231118,8:02 PM,18.05,2.17,,,
1299,20231117,11:15 PM,28,3.55,,,
1298,20231116,10:06 PM,29.02,3.59,,,
1297,20231115,11:36 PM,20.05,2.31,,,
1296,20231114,11:37 PM,20,2.36,,,
1295,20231113,10:06 PM,27.05,3.56,,,
1294,20231112,4:40 PM,23,3.22,,,
1293,20231111,1:16 PM,29.03,3.95,,,
1292,20231110,8:28 AM,30.07,3.99,,,
1291,20231109,4:32 PM,26.78,3.2,,,
1290,20231108,11:20 PM,28.03,3.57,,,
1289,20231107,6:45 AM,26.02,3.5,,,
1288,20231106,6:19 AM,27,3.53,,,
1287,20231105,7:27 PM,20.03,2.48,,,
1286,20231104,10:46 PM,28,3.63,,,
1285,20231103,6:39 AM,28.02,3.48,,,
1284,20231102,11:30 PM,28.03,3.59,,,
1283,20231101,6:43 AM,27.08,3.58,,,
1282,20231031,6:27 AM,30.02,3.68,,,
1281,20231030,10:17 PM,29.07,3.65,,,
1280,20231029,10:29 AM,37.03,5.03,,,
1279,20231028,11:12 AM,24.02,3.18,,,
1278,20231027,10:08 PM,28.03,3.55,,,
1277,20231026,4:58 PM,25.43,3.12,,,
1276,20231025,11:43 PM,16.07,1.91,,,
1275,20231024,10:10 AM,24.6,3.16,,,
1274,20231023,12:19 PM,24.17,3.23,,,
1273,20231022,2:53 PM,25.03,3.19,,,
1272,20231021,5:03 PM,21.05,2.52,,,
1271,20231020,3:36 PM,38.42,5.01,,,
1270,20231019,5:01 PM,22.97,3.25,,,
1269,20231018,5:17 PM,35.18,4.2,,,
1268,20231017,1:35 PM,24.98,3.3,,,
1267,20231016,11:44 PM,16.27,2.01,,,
1266,20231015,9:01 PM,30.03,3.6,,,
1265,20231014,12:26 PM,34.4,5,,,
1264,20231013,9:16 PM,30,3.54,,,
1263,20231012,4:37 PM,42.02,6.08,,,
1262,20231011,5:02 PM,21.05,3.06,,,
1261,20231010,9:32 PM,34.82,3.79,,,
1260,20231009,11:26 PM,21.03,2.29,,,
1259,20231008,11:20 AM,35.03,4.78,,,
1258,20231007,10:23 PM,30.03,3.52,,,
1257,20231006,9:42 AM,32.23,2,,,
1256,20231005,5:09 PM,21.03,2.95,,,
1255,20231004,11:40 PM,20.02,2.27,,,
1254,20231003,10:01 PM,28.03,3.37,,,
1253,20231002,11:11 PM,21.03,2.72,,,
1252,20231001,5:46 PM,27.18,3.64,,,
1251,20230930,12:04 PM,25.1,3.36,,,
1250,20230929,12:46 PM,33.05,4.65,,,
1249,20230928,11:18 PM,21.08,2.45,,,
1248,20230927,7:30 AM,27.08,3.29,,,
1247,20230926,6:27 AM,29.1,3.55,,,
1246,20230925,10:18 PM,30.03,3.5,,,
1245,20230924,2:35 PM,4.5,0.52,,,
1245,20230924,2:41 PM,3.8,0.48,,,
1245,20230924,2:46 PM,20.02,3.13,,,
1245,20230924,3:09 PM,7.92,0.8,,,
1244,20230923,10:23 PM,20.05,2.36,,,
1243,20230922,11:19 PM,20.07,2.3,,,
1242,20230921,10:12 PM,17.02,1.99,,,
1241,20230920,9:29 PM,17.18,2.03,,,
1240,20230919,7:59 PM,18.03,2.05,,,
1239,20230918,7:53 PM,17.08,1.69,,,
1238,20230917,10:13 AM,20.47,3.15,,,
1238,20230917,10:36 AM,3.8,0.41,,,
1237,20230916,8:50 AM,24.05,3.33,,,
1236,20230915,9:59 PM,28.02,3.63,,,
1235,20230914,10:40 PM,28.03,3.54,,,
1234,20230913,11:44 PM,15.42,1.82,,,
1233,20230912,9:32 PM,28.02,3.57,,,
1232,20230911,10:16 PM,28.02,3.55,,,
1231,20230910,1:38 PM,29.27,2.84,,,
1231,20230910,3:42 PM,10.18,1.14,,,
1230,20230909,10:26 AM,15.87,1.66,,,
1229,20230908,7:06 PM,15.98,1.64,,,
1228,20230907,6:25 AM,35.13,4.65,,,
1228,20230907,5:25 PM,15.22,1.54,,,
1227,20230906,2:12 PM,10,1.1,,,
1227,20230906,7:06 PM,18.15,2.22,,,
1226,20230905,5:50 PM,16.05,1.62,,,
1225,20230904,12:17 PM,15.25,1.55,,,
1225,20230904,12:41 PM,42.78,6.35,,,
1224,20230903,11:09 AM,15.8,1.54,,,
1223,20230902,6:15 PM,18.88,2.05,,,
1222,20230901,8:42 AM,23.07,3.1,,,
1222,20230901,6:12 PM,11.27,0.93,,,
1221,20230831,11:34 PM,26.07,3.52,,,
1220,20230830,11:41 PM,18.93,2.27,,,
1219,20230829,10:39 PM,31,3.54,,,
1218,20230828,6:17 PM,20.05,1.57,,,
1217,20230827,7:28 AM,26.78,3.6,,,
1216,20230826,9:09 AM,16.02,1.6,,,
1215,20230825,10:12 AM,18.02,1.41,,,
1214,20230824,9:38 PM,32.12,3.63,,,
1213,20230823,7:09 AM,20.05,2.34,,,
1212,20230822,5:42 PM,15.85,1.65,,,
1211,20230821,8:27 PM,15.87,1.58,,,
1210,20230820,11:10 AM,16.03,1.62,,,
1209,20230819,8:35 PM,15.83,1.49,,,
1208,20230818,10:29 AM,16.02,1.63,,,
1207,20230817,9:40 AM,17.3,2.18,,,
1206,20230816,9:37 AM,24.23,3.12,,,
1206,20230816,1:38 PM,5.18,0.52,,,
1205,20230815,9:28 AM,16.53,1.65,,,
1204,20230814,9:27 AM,16.02,1.65,,,
1203,20230813,7:47 PM,15.98,1.77,,,
1202,20230812,7:47 AM,30.05,3.68,,,
1201,20230811,10:02 PM,30.2,3.37,,,
1200,20230810,6:51 AM,28.02,3.71,,,
1199,20230809,11:05 AM,16.92,1.7,,,
1198,20230808,8:25 PM,20.08,2.02,,,
1197,20230807,2:38 PM,15.93,1.75,,,
1196,20230806,9:06 AM,37.07,4.72,,,
1195,20230805,8:46 PM,25.32,3.06,,,
1194,20230804,1:42 PM,47.13,6.42,,,
1193,20230803,9:22 PM,28.02,3.31,,,
1192,20230802,1:08 PM,44.03,6.16,,,
1191,20230801,12:29 PM,43.18,6.14,,,
1190,20230731,10:05 PM,28.05,3.33,,,
1189,20230730,7:29 AM,39.38,5,,,
1188,20230729,1:49 PM,25.1,3.22,,,
1187,20230728,6:04 PM,24.02,3.17,,,
1186,20230727,12:20 PM,16.25,1.88,,,
1185,20230726,9:41 PM,26.02,3,,,
1184,20230725,2:41 PM,17.02,2.12,,,
1183,20230724,6:09 PM,25.02,3.23,,,
1182,20230723,7:53 AM,92.75,13.15,,,
1181,20230722,6:40 PM,26.05,2.9,,,
1180,20230721,5:34 PM,20.07,2.88,,,
1179,20230720,7:57 AM,20.98,2.8,,,
1178,20230719,9:55 PM,29.72,3.23,,,
1177,20230718,8:01 AM,19.97,2.82,,,
1177,20230718,6:57 PM,14.77,1.52,,,
1176,20230717,11:20 AM,16.07,1.65,,,
1175,20230716,11:04 AM,16.03,1.63,,,
1174,20230715,7:15 AM,98.27,13.14,,,
1173,20230714,8:59 PM,15.33,1.65,,,
1172,20230713,7:57 AM,18.13,2.45,,,
1172,20230713,12:25 PM,14.97,1.58,,,
1171,20230712,7:39 AM,40.97,5.71,,,
1171,20230712,6:36 PM,15.17,1.55,,,
1170,20230711,8:07 AM,20.27,2.74,,,
1169,20230710,7:42 AM,29.3,4.33,,,
1169,20230710,2:47 PM,15.68,1.58,,,
1168,20230709,8:04 AM,34.23,4.3,,,
1167,20230708,8:17 AM,15.83,2.03,,,
1167,20230708,9:06 AM,16.08,2.05,,,
1166,20230707,6:44 AM,18.42,2.01,,,
1166,20230707,7:29 AM,15.33,2.01,,,
1165,20230706,11:15 AM,15.2,1.6,,,
1164,20230705,7:33 AM,31.7,3.78,,,
1163,20230704,8:11 AM,74.05,8.66,,,
1162,20230703,2:09 PM,16.05,1.7,,,
1161,20230702,9:51 AM,16.75,1.78,,,
1160,20230701,10:37 AM,15.98,1.54,,,
1159,20230630,11:30 PM,20.13,2.2,,,
1158,20230629,6:28 PM,15.85,1.58,,,
1157,20230628,1:38 PM,33.08,4.01,,,
1156,20230627,2:05 PM,36.08,4.62,,,
1155,20230626,1:31 PM,17.85,1.87,,,
1154,20230625,1:39 PM,40.75,4.97,,,
1153,20230624,8:14 AM,63.05,8.8,,,
1152,20230623,5:32 PM,33.2,4.69,,,
1151,20230622,8:23 AM,25.13,3.18,,,
1150,20230621,10:09 PM,38.05,4.72,,,
1149,20230620,5:10 PM,16.13,1.56,,,
1148,20230619,11:51 AM,15.92,1.62,,,
1147,20230618,9:26 PM,27.15,3.19,,,
1146,20230617,9:33 AM,19.08,1.79,,,
1145,20230616,6:44 AM,28.05,3.56,,,
1144,20230615,12:16 PM,15.15,1.54,,,
1143,20230614,10:30 PM,27.1,3.23,,,
1142,20230613,4:34 PM,25.05,3.26,,,
1142,20230613,6:03 PM,14.08,1.47,,,
1141,20230612,5:37 PM,19.3,1.76,,,
1140,20230611,10:08 PM,29.18,3.11,,,
1139,20230610,6:52 AM,98.1,13.15,,,
1138,20230609,5:55 PM,16.2,1.7,,,
1137,20230608,6:03 PM,15.93,1.62,,,
1136,20230607,1:38 PM,56.05,7.44,,,
1135,20230606,11:39 AM,40.03,5.03,,,
1134,20230605,5:56 PM,25.08,3.17,,,
1133,20230604,11:14 PM,16.15,1.59,,,
1132,20230603,1:00 PM,16.83,1.65,,,
1131,20230602,11:39 AM,15.13,1.58,,,
1130,20230601,3:01 PM,67.03,9.17,,,
1129,20230531,6:30 PM,18.15,2.02,,,
1128,20230530,1:30 PM,15.6,1.64,,,
1127,20230529,7:25 AM,12.12,1.12,,,
1127,20230529,12:23 PM,15.5,1.67,,,
1126,20230528,8:04 AM,60.35,8.52,,,
1125,20230527,7:30 AM,38.33,5.01,,,
1124,20230526,1:30 PM,40.03,5,,,
1123,20230525,10:55 AM,44.02,5.98,,,
1122,20230524,7:17 AM,25,3.58,,,
1121,20230523,11:45 AM,35.02,4.61,,,
1120,20230522,9:50 AM,15.87,1.7,,,
1119,20230521,10:56 AM,16.33,1.7,,,
1119,20230521,12:43 PM,22.03,3.21,,,
1118,20230520,7:41 AM,36.02,5.09,,,
1117,20230519,11:52 AM,23.23,3.25,,,
1116,20230518,10:34 PM,28.08,3.75,,,
1115,20230517,7:21 AM,24.05,3.22,,,
1114,20230516,6:45 AM,16.07,2.06,,,
1113,20230515,6:45 AM,25.05,3.28,,,
1113,20230515,10:29 AM,15.3,1.68,,,
1112,20230514,9:43 PM,40.2,5.01,,,
1111,20230513,6:26 AM,49.8,6.85,,,
1111,20230513,8:06 PM,15.9,1.69,,,
1110,20230512,9:35 PM,28.03,3.29,,,
1109,20230511,8:00 PM,20.03,2.43,,,
1108,20230510,5:03 PM,15.93,1.7,,,
1107,20230509,2:20 PM,17.07,1.74,,,
1106,20230508,10:54 AM,16.37,1.79,,,
1105,20230507,10:40 PM,12.05,1.26,,,
1104,20230506,10:23 AM,17.13,1.84,,,
1103,20230505,5:38 PM,26.02,3.46,,,
1102,20230504,2:34 PM,16.05,1.71,,,
1101,20230503,11:14 AM,16.17,1.72,,,
1100,20230502,12:07 PM,15.9,1.68,,,
1099,20230501,11:31 AM,15.92,1.76,,,
1098,20230430,11:29 AM,62.05,8.04,,,
1097,20230429,7:55 PM,15.92,1.57,,,
1096,20230428,10:53 AM,29.08,3.44,,,
1095,20230427,11:30 AM,38.73,5.04,,,
1094,20230426,12:04 PM,16.02,1.81,,,
1093,20230425,10:09 AM,16.02,1.8,,,
1092,20230424,11:59 AM,26.05,3.12,,,
1091,20230423,11:02 AM,15.25,1.65,,,
1090,20230422,2:33 PM,32.02,3.71,,,
1089,20230421,11:46 AM,38.55,5,,,
1088,20230420,3:33 PM,28.08,3.62,,,
1087,20230419,2:00 PM,16.03,1.74,,,
1086,20230418,11:44 AM,33.07,4.05,,,
1085,20230417,10:29 AM,16.03,1.81,,,
1084,20230416,12:35 PM,16,1.69,,,
1083,20230415,10:10 AM,33,3.68,,,
1082,20230414,10:39 PM,19.03,2.29,,,
1081,20230413,11:32 AM,32.03,4.06,,,
1080,20230412,8:54 AM,50.05,6.4,,,
1079,20230411,12:22 PM,16.05,1.79,,,
1078,20230410,8:41 AM,15.9,1.79,,,
1078,20230410,8:58 AM,25.02,3.34,,,
1077,20230409,11:25 AM,15.27,1.69,,,
1076,20230408,9:41 AM,16.17,1.8,,,
1075,20230407,12:05 PM,39.05,4.97,,,
1074,20230406,11:53 AM,16.95,1.85,,,
1073,20230405,11:13 AM,16.05,1.77,,,
1072,20230404,12:59 PM,17.1,1.83,,,
1072,20230404,4:40 PM,24.03,3.27,,,
1071,20230403,10:19 PM,19.05,2.34,,,
1070,20230402,10:15 AM,31.03,3.53,,,
1069,20230401,10:16 AM,16.02,1.73,,,
1068,20230331,9:00 AM,40.12,5.01,,,
1067,20230330,11:49 AM,27.78,3.4,,,
1066,20230329,10:39 AM,16.03,1.77,,,
1065,20230328,9:08 AM,18.02,1.52,,,
1064,20230327,9:22 AM,18.08,1.87,,,
1063,20230326,4:59 PM,17.2,1.76,,,
1062,20230325,2:08 PM,16.03,1.54,,,
1061,20230324,9:00 AM,16.13,1.8,,,
1060,20230323,12:16 PM,16.15,1.79,,,
1059,20230322,9:54 AM,16.7,1.8,,,
1058,20230321,8:25 AM,16.37,1.79,,,
1057,20230320,12:08 PM,16.3,1.8,,,
1056,20230319,9:13 AM,17.02,1.65,,,
1055,20230318,9:34 AM,33.02,3.58,,,
1054,20230317,11:24 AM,17.05,1.84,,,
1053,20230316,12:25 PM,16,1.72,,,
1052,20230315,11:09 AM,16.23,1.76,,,
1051,20230314,2:34 PM,15.93,1.78,,,
1050,20230313,7:05 PM,17.25,1.82,,,
1049,20230312,5:56 PM,15.95,1.7,,,
1048,20230311,12:23 PM,16.23,1.77,,,
1047,20230310,9:35 PM,20.1,2.36,,,
1046,20230309,11:47 AM,16.17,1.76,,,
1045,20230308,8:26 AM,16.07,1.73,,,
1044,20230307,12:29 PM,15.27,1.3,,,
1043,20230306,8:30 AM,16.03,1.8,,,
1042,20230305,10:30 AM,15.8,1.74,,,
1041,20230304,10:58 AM,17.05,1.83,,,
1040,20230303,5:28 PM,16.25,2.15,,,
1039,20230302,12:01 PM,20.05,2.55,,,
1038,20230301,12:32 PM,16.08,1.78,,,
1037,20230228,2:03 PM,16.08,2.12,,,
1036,20230227,9:47 AM,15.77,1.81,,,
1035,20230226,12:49 PM,15.95,1.65,,,
1034,20230225,12:20 PM,15.97,1.78,,,
1033,20230224,10:12 AM,16.03,1.66,,,
1032,20230223,9:46 AM,16.15,1.68,,,
1031,20230222,5:50 PM,18.03,2.23,,,
1030,20230221,9:22 AM,17.03,1.51,,,
1029,20230220,11:12 AM,16.85,1.51,,,
1028,20230219,10:09 AM,16.87,1.68,,,
1027,20230218,11:19 AM,16.07,1.73,,,
1026,20230217,10:23 AM,16.1,1.71,,,
1025,20230216,2:26 PM,15.33,1.68,,,
1024,20230215,1:22 PM,16.05,1.66,,,
1023,20230214,11:00 AM,15.88,1.68,,,
1022,20230213,11:59 AM,16.22,1.74,,,
1021,20230212,11:27 AM,16.07,1.72,,,
1020,20230211,8:59 AM,15.15,1.65,,,
1019,20230210,2:13 PM,14.85,1.52,,,
1018,20230209,2:26 PM,17.07,1.88,,,
1017,20230208,10:32 AM,15.98,1.78,,,
1016,20230207,11:00 AM,15.08,1.68,,,
1015,20230206,9:51 AM,16.03,1.72,,,
1014,20230205,9:20 AM,16.02,1.7,,,
1013,20230204,11:32 AM,15.02,1.81,,,
1012,20230203,9:43 AM,15.12,1.66,,,
1011,20230202,12:02 PM,15.13,1.69,,,
1010,20230201,11:25 AM,15.13,1.67,,,
1009,20230131,9:28 AM,16.1,1.68,,,
1008,20230130,9:06 AM,14.95,1.67,,,
1007,20230129,9:54 AM,20.4,2.21,,,
1006,20230128,6:08 PM,23.05,2.63,,,
1005,20230127,12:15 PM,16.08,1.68,,,
1004,20230126,9:28 AM,16.12,1.64,,,
1003,20230125,9:51 AM,15.95,1.66,,,
1002,20230124,1:46 PM,24.02,2.98,,,
1001,20230123,4:58 PM,27.05,3.48,,,
1000,20230122,4:14 PM,15.05,1.67,,,
999,20230121,9:12 AM,15.43,1.55,,,
998,20230120,2:21 PM,17.03,1.99,,,
997,20230119,11:13 AM,16.12,1.63,,,
996,20230118,12:41 PM,16.02,1.66,,,
995,20230117,9:11 AM,30.07,3.25,,,
994,20230116,12:40 PM,33.1,3.51,,,
993,20230115,10:08 AM,16.98,1.7,,,
992,20230114,9:25 AM,15.3,1.61,,,
991,20230113,9:46 AM,41.3,5.4,,,
990,20230112,9:15 AM,31.87,4.01,,,
989,20230111,9:16 AM,29,3.45,,,
988,20230110,7:13 AM,32.05,3.55,,,
988,20230110,11:35 AM,15.23,1.58,,,
987,20230109,6:51 AM,70.88,8.36,,,
987,20230109,12:50 PM,15.15,1.48,,,
986,20230108,3:34 PM,15.77,1.67,,,
985,20230107,6:23 AM,104.88,13.14,,,
984,20230106,9:05 AM,17.02,1.64,,,
983,20230105,6:24 AM,80.4,10,,,
983,20230105,8:40 AM,13.87,1.02,,,
982,20230104,9:31 AM,33.25,3.59,,,
981,20230103,10:46 AM,21,2.16,,,
980,20230102,10:48 AM,13.35,1.11,,,
980,20230102,11:03 AM,55.97,7.5,,,
979,20230101,10:27 AM,17.62,1.42,,,
979,20230101,10:46 AM,50.03,6.64,,,
978,20221231,10:46 AM,33.25,3.55,,,
977,20221230,10:36 AM,42.1,4.63,,,
976,20221229,5:06 PM,31.05,3.51,,,
975,20221228,11:29 AM,43.03,5.01,,,
974,20221227,11:09 AM,13.87,1.18,,,
974,20221227,11:27 AM,85.07,11.23,,,
973,20221226,10:13 AM,11.93,1.03,,,
973,20221226,10:27 AM,60.07,7.74,,,
972,20221225,11:31 AM,28.02,3.48,,,
971,20221224,9:40 AM,17.02,1.69,,,
970,20221223,2:43 PM,19.03,1.24,,,
969,20221222,8:53 AM,16.07,1.76,,,
968,20221221,11:32 AM,38.87,5.01,,,
967,20221220,9:11 AM,37.03,4.56,,,
966,20221219,3:35 PM,37.32,5,,,
965,20221218,8:27 AM,51.07,6.1,,,
964,20221217,10:31 AM,29.03,3.47,,,
963,20221216,11:09 AM,27.03,3.39,,,
962,20221215,12:30 PM,40.02,4.76,,,
961,20221214,3:07 PM,28.05,3.44,,,
960,20221213,11:48 AM,16.08,1.67,,,
959,20221212,9:03 AM,16.92,1.59,,,
958,20221211,9:24 AM,15.68,1.53,,,
957,20221210,6:42 AM,28.03,3.26,,,
956,20221209,7:07 AM,52.05,6.37,,,
955,20221208,1:54 PM,16.18,1.63,,,
954,20221207,3:01 PM,60.1,7.76,,,
953,20221206,4:54 PM,40.03,5.18,,,
952,20221205,1:30 PM,27.02,3.4,,,
951,20221204,11:18 AM,60.02,8.22,,,
950,20221203,4:37 PM,49.23,6,,,
949,20221202,12:31 PM,27.03,3.39,,,
948,20221201,1:17 PM,19.1,2.12,,,
947,20221130,10:50 AM,15.52,1.54,,,
946,20221129,11:55 AM,20.03,2.32,,,
945,20221128,5:12 PM,21.83,2.56,,,
944,20221127,4:34 PM,19.62,2.01,,,
943,20221126,10:33 AM,15.98,1.69,,,
942,20221125,4:51 PM,17.03,1.76,,,
941,20221124,11:08 AM,16.2,1.6,,,
940,20221123,4:45 PM,15.18,1.39,,,
939,20221122,4:56 PM,20.6,2.38,,,
938,20221121,2:49 PM,17.02,2.05,,,
937,20221120,10:15 AM,28.02,3.6,,,
936,20221119,3:48 PM,48.02,6.75,,,
935,20221118,8:12 AM,16.12,1.6,,,
934,20221117,11:48 AM,32.02,3.54,,,
933,20221116,12:37 PM,15.73,1.67,,,
932,20221115,2:18 PM,26.98,3.38,,,
931,20221114,10:21 AM,17.02,1.93,,,
930,20221113,11:22 AM,29.7,3.2,,,
929,20221112,8:57 AM,91.28,13.14,,,
929,20221112,10:35 AM,5.82,0.56,,,
928,20221111,12:41 PM,43.22,5.5,,,
927,20221110,8:16 AM,26.82,3.72,,,
926,20221109,9:30 AM,30.05,3.66,,,
925,20221108,9:21 AM,32.05,3.62,,,
924,20221107,1:16 PM,26.32,3.23,,,
923,20221106,10:40 AM,17.08,1.9,,,
922,20221105,10:52 AM,93.18,13.14,,,
921,20221104,2:32 PM,26.13,3.41,,,
920,20221103,12:56 PM,40,5.41,,,
919,20221102,11:38 AM,31.13,3.38,,,
918,20221101,12:18 PM,21.08,2.2,,,
917,20221031,9:44 AM,16.75,1.46,,,
916,20221030,10:07 AM,91.6,13.14,,,
915,20221029,5:43 PM,36.4,5,,,
914,20221028,11:22 AM,40,4.65,,,
913,20221027,7:47 AM,32.05,3.1,,,
912,20221026,5:46 PM,25.15,3.45,,,
911,20221025,2:10 PM,26.98,3.49,,,
910,20221024,11:21 AM,38.48,4.1,,,
909,20221023,10:28 AM,10.05,1.28,,,
908,20221022,7:03 AM,103.43,13.14,,,
907,20221021,6:19 PM,16.17,1.64,,,
906,20221020,4:52 PM,16.13,2.02,,,
905,20221019,3:53 PM,12.03,1.4,,,
904,20221018,1:06 PM,15.07,1.53,,,
903,20221017,6:36 PM,11.98,1.25,,,
902,20221016,10:13 AM,33.17,3.55,,,
901,20221015,7:53 AM,91.57,13.15,,,
900,20221014,11:30 AM,44.02,5.06,,,
899,20221013,11:14 AM,15.1,1.71,,,
898,20221012,11:50 AM,26,3.34,,,
897,20221011,10:30 AM,28.18,3.19,,,
896,20221010,9:38 AM,26.08,3.38,,,
895,20221009,10:59 AM,15.97,1.56,,,
894,20221008,8:47 AM,93.33,13.14,,,
893,20221007,8:11 AM,30.02,3.45,,,
892,20221006,12:18 PM,23.82,3.11,,,
891,20221005,2:34 PM,31.02,3.66,,,
890,20221004,1:27 PM,26.2,3.41,,,
889,20221003,8:49 AM,45.02,4.99,,,
888,20221002,1:05 PM,17.68,2,,,
887,20221001,7:04 AM,97.27,13.14,,,
886,20220930,9:23 AM,15.02,1.13,,,
885,20220929,12:06 PM,26.53,3.27,,,
884,20220928,9:37 AM,25.92,3.33,,,
883,20220927,11:06 AM,30.02,3.4,,,
882,20220926,2:18 PM,25.3,3.36,,,
881,20220925,12:03 PM,15.3,1.51,,,
880,20220924,7:53 AM,95,13.14,,,
879,20220923,9:58 AM,30.17,3.76,,,
878,20220922,11:56 AM,26.03,3.41,,,
877,20220921,9:30 AM,4.43,0.52,,,
877,20220921,9:37 AM,18.37,3.12,,,
876,20220920,11:44 AM,28.25,3.74,,,
875,20220919,9:17 AM,19.98,1.75,,,
874,20220918,10:49 AM,33.28,4.8,,,
873,20220917,11:26 AM,14.5,1.55,,,
872,20220916,9:47 AM,28.33,3.16,,,
871,20220915,8:06 AM,40.03,4.81,,,
870,20220914,2:31 PM,26.05,3.38,,,
869,20220913,7:58 AM,41.7,4.37,,,
868,20220912,9:01 AM,45.33,4.88,,,
867,20220911,8:35 AM,12.08,1.24,,,
866,20220910,6:56 PM,18.03,2.2,,,
865,20220909,11:30 AM,29.28,3.2,,,
864,20220908,12:26 PM,29.87,3.77,,,
863,20220907,9:33 AM,31.93,4.74,,,
862,20220906,9:27 AM,26.63,3.15,,,
861,20220905,8:34 AM,27.7,3.4,,,
860,20220904,12:26 PM,15.9,1.58,,,
859,20220903,11:35 AM,98.55,13.14,,,
858,20220902,12:48 PM,30.28,3.4,,,
857,20220901,11:47 AM,32.23,3.67,,,
856,20220831,12:31 PM,35.57,4.73,,,
855,20220830,1:20 PM,26.67,3.14,,,
854,20220829,9:01 AM,29.78,3.14,,,
853,20220828,10:20 AM,96.2,13.14,,,
852,20220827,10:52 AM,30.38,3.8,,,
851,20220826,1:24 PM,28.48,3.22,,,
850,20220825,9:21 AM,36.93,4.72,,,
849,20220824,8:35 AM,20.13,3.14,,,
848,20220823,4:29 PM,21.13,3.12,,,
847,20220822,9:34 AM,30.02,3.44,,,
846,20220821,8:42 AM,27.63,3.16,,,
845,20220820,7:00 AM,99.53,13.13,,,
844,20220819,10:48 AM,29.45,3.3,,,
843,20220818,2:47 PM,25.67,3.41,,,
842,20220817,12:40 PM,28.05,3.13,,,
841,20220816,2:12 PM,38.63,4.6,,,
840,20220815,12:17 PM,29.73,3.32,,,
839,20220814,9:50 AM,90.92,13.13,,,
838,20220813,11:24 AM,24.08,3.41,,,
837,20220812,3:29 PM,33.32,4.59,,,
836,20220811,11:42 AM,21.95,2.39,,,
835,20220810,9:32 AM,27.73,3.32,,,
834,20220809,12:19 PM,31.42,3.42,,,
833,20220808,9:40 AM,26.58,3.41,,,
832,20220807,10:36 AM,29.48,3.38,,,
831,20220806,7:35 AM,107.98,13.24,,,
830,20220805,7:38 AM,20.47,2.44,,,
829,20220804,7:33 AM,31.03,3.38,,,
828,20220803,6:01 AM,30.98,3.42,,,
827,20220802,1:53 PM,30.57,3.14,,,
826,20220801,11:48 AM,31.88,3.5,,,
825,20220731,11:00 PM,31.42,3.47,,,
824,20220730,5:26 AM,120.12,16.63,,,
823,20220729,7:03 AM,36.13,4.81,,,
822,20220728,8:47 AM,30.25,3.64,,,
821,20220727,7:27 AM,29.03,3.83,,,
820,20220726,1:21 PM,25.12,3.42,,,
819,20220725,7:51 AM,20.07,2.31,,,
818,20220724,10:29 PM,30,3.57,,,
817,20220723,7:05 AM,104.05,13.17,,,
816,20220722,7:29 AM,40.15,5.21,,,
815,20220721,7:45 AM,33.05,4.53,,,
814,20220720,9:44 AM,16,2.04,,,
813,20220719,6:54 AM,44.37,6.24,,,
812,20220718,9:19 AM,26.17,3.4,,,
811,20220717,7:18 AM,27.48,3.46,,,
810,20220716,7:03 AM,95.93,13.13,,,
809,20220715,9:15 AM,28.42,3.42,,,
808,20220714,9:32 AM,28.03,3.41,,,
807,20220713,12:05 PM,35.55,4.8,,,
806,20220712,6:37 AM,31.32,3.41,,,
805,20220711,10:56 AM,43.03,5.12,,,
804,20220710,11:31 PM,10.13,1.05,,,
803,20220709,10:18 AM,96.28,11.5,,,
802,20220708,9:32 AM,36.2,4.31,,,
801,20220707,9:40 AM,37.08,4.84,,,
800,20220706,11:48 AM,39.57,4.73,,,
799,20220705,6:56 PM,19.45,1.52,,,
798,20220704,10:34 AM,39.88,4.67,,,
797,20220703,10:17 AM,25.3,2.51,,,
796,20220702,7:35 AM,95.3,13.13,,,
795,20220701,10:21 AM,31.22,3.46,,,
794,20220630,9:26 AM,33.65,3.97,,,
793,20220629,9:38 AM,28.27,3.4,,,
792,20220628,9:05 AM,35.75,4.11,,,
791,20220627,11:03 AM,35.45,4.48,,,
790,20220626,9:32 AM,42.23,4.95,,,
789,20220625,7:22 AM,83.42,11.81,,,
788,20220624,11:43 AM,30.33,4.09,,,
787,20220623,8:41 AM,26.67,3.52,,,
786,20220622,8:56 AM,15.02,1.67,,,
785,20220621,7:42 AM,30.6,3.57,,,
784,20220620,9:40 AM,33.15,3.65,,,
783,20220619,7:35 AM,93.63,13.12,,,
782,20220618,8:56 AM,29.97,3.56,,,
781,20220617,8:24 AM,34.63,3.95,,,
780,20220616,9:24 AM,31.08,3.49,,,
779,20220615,10:33 AM,32.42,3.51,,,
778,20220614,9:26 AM,32.15,4.77,,,
777,20220613,9:25 AM,33.88,3.56,,,
776,20220612,9:45 AM,33.75,3.63,,,
775,20220611,6:28 AM,97.38,13.13,,,
774,20220610,6:36 AM,27.93,3.96,,,
773,20220609,9:35 AM,29.97,3.52,,,
772,20220608,9:00 AM,29.55,3.44,,,
771,20220607,9:27 AM,34.63,4.88,,,
770,20220606,11:12 AM,30.72,3.35,,,
769,20220605,7:38 AM,91.27,13.23,,,
768,20220604,9:48 AM,30.83,3.24,,,
767,20220603,10:29 AM,31.92,3.44,,,
766,20220602,11:15 AM,31.18,3.5,,,
765,20220601,9:02 AM,31.67,3.55,,,
764,20220531,9:53 AM,32.2,3.43,,,
763,20220530,9:04 AM,30.88,3.42,,,
762,20220529,11:03 AM,33.88,3.77,,,
761,20220528,6:56 AM,98.55,13.31,,,
760,20220527,9:14 AM,31.17,3.44,,,
759,20220526,1:17 PM,53.57,7.53,,,
758,20220525,9:08 AM,31.9,3.63,,,
757,20220524,11:05 AM,30.97,3.52,,,
756,20220523,9:29 AM,34.63,3.92,,,
755,20220522,10:54 AM,30.63,3.46,,,
754,20220521,11:01 AM,97.23,13.15,,,
753,20220520,11:33 AM,29.92,3.41,,,
752,20220519,6:29 AM,29.08,3.44,,,
751,20220518,12:54 PM,46.03,6.09,,,
750,20220517,9:45 PM,29.35,3.51,,,
749,20220516,11:12 AM,32.35,3.63,,,
748,20220515,6:19 AM,99.93,13.29,,,
747,20220514,11:08 AM,25.87,3.12,,,
746,20220513,6:54 AM,27.28,3.4,,,
745,20220512,6:58 AM,20,2.32,,,
744,20220511,11:34 AM,13.17,1.38,,,
743,20220510,11:32 AM,16.62,1.67,,,
742,20220509,6:31 AM,30.62,3.44,,,
741,20220508,8:01 AM,93.48,13.12,,,
740,20220507,8:52 AM,54.78,6.36,,,
739,20220506,10:00 AM,27.63,3.46,,,
738,20220505,10:22 PM,29.98,3.4,,,
737,20220504,1:32 PM,31.32,3.44,,,
736,20220503,2:23 PM,35.95,4.78,,,
735,20220502,10:54 AM,13.42,1.47,,,
734,20220501,10:06 AM,28.32,2.9,,,
733,20220430,6:54 AM,89.8,13.12,,,
732,20220429,10:11 AM,22.25,2.23,,,
731,20220428,9:40 PM,27.55,3.43,,,
730,20220427,10:12 AM,31.2,3.45,,,
729,20220426,6:05 AM,34.18,3.76,,,
728,20220425,6:59 AM,26.12,3.41,,,
727,20220424,9:22 AM,32.17,3.93,,,
726,20220423,9:33 AM,72.68,10.33,,,
725,20220422,11:26 AM,16.47,1.72,,,
724,20220421,9:27 AM,28.6,3.26,,,
723,20220420,6:42 AM,34.28,4.75,,,
722,20220419,11:46 AM,33.43,3.74,,,
721,20220418,11:33 PM,20.82,2.59,,,
720,20220417,11:09 AM,54.28,7.53,,,
719,20220416,9:10 AM,31.38,3.97,,,
718,20220415,6:13 AM,32.7,3.89,,,
717,20220414,6:38 PM,26.45,3.47,,,
716,20220413,12:03 PM,23.17,2.57,,,
715,20220412,10:02 AM,41.45,4.76,,,
714,20220411,8:54 AM,20.6,1.96,,,
713,20220410,10:58 AM,20.23,2.06,,,
712,20220409,6:24 AM,30.42,3.86,,,
711,20220408,6:31 AM,38.25,4.77,,,
710,20220407,8:53 PM,38.32,4.76,,,
709,20220406,9:27 AM,28.32,3.3,,,
708,20220405,11:41 AM,13.8,1.52,,,
707,20220404,6:24 AM,38.35,4.75,,,
706,20220403,10:09 AM,51.85,6.5,,,
705,20220402,6:03 AM,31.37,3.71,,,
704,20220401,6:19 AM,55.13,7.56,,,
703,20220331,6:31 AM,27.77,3.44,,,
702,20220330,6:34 AM,28.53,3.82,,,
701,20220329,6:37 AM,34.6,4.21,,,
700,20220328,6:26 AM,40.25,4.82,,,
699,20220327,10:18 AM,35.9,4.75,,,
698,20220326,6:30 AM,56.07,7.57,,,
697,20220325,6:32 AM,36.25,4.71,,,
696,20220324,6:37 AM,27.43,3.38,,,
695,20220323,6:25 AM,31.88,3.95,,,
694,20220322,10:36 AM,28.82,3.35,,,
693,20220321,6:26 AM,30.8,3.93,,,
692,20220320,7:21 AM,39.37,4.78,,,
691,20220319,7:17 AM,58.3,7.61,,,
690,20220318,8:52 AM,20.33,2.23,,,
689,20220317,6:11 AM,60.8,7.62,,,
688,20220316,8:42 AM,31.32,3.32,,,
687,20220315,12:36 PM,47.08,6.27,,,
686,20220314,6:32 AM,27.5,3.42,,,
685,20220313,6:25 AM,29.62,3.59,,,
684,20220312,6:28 AM,30.52,3.09,,,
683,20220311,6:32 AM,27.35,3.41,,,
682,20220310,6:22 AM,28.02,3.5,,,
681,20220309,6:26 AM,26.1,3.39,,,
680,20220308,6:32 AM,30.05,3.96,,,
679,20220307,6:26 AM,38.52,4.77,,,
678,20220306,6:36 AM,56.77,7.55,,,
677,20220305,7:28 AM,21.22,2.56,,,
676,20220304,10:16 AM,27.87,3.11,,,
675,20220303,6:28 AM,38.8,4.81,,,
674,20220302,6:37 AM,28.68,3.82,,,
673,20220301,6:31 AM,34.93,4.75,,,
672,20220228,6:30 AM,35.32,3.92,,,
671,20220227,7:08 AM,58.8,7.71,,,
670,20220226,6:57 AM,40.37,4.8,,,
669,20220225,10:08 AM,36.68,4.8,,,
668,20220224,1:30 PM,20.85,2.56,,,
667,20220223,10:27 PM,33.47,3.81,,,
666,20220222,6:03 PM,21.65,2.44,,,
665,20220221,12:45 PM,36.22,4.76,,,
664,20220220,3:20 PM,30.08,3.81,,,
663,20220219,10:48 PM,20.68,2.34,,,
662,20220218,4:31 PM,37.53,4.8,,,
661,20220217,11:01 PM,20.43,2.32,,,
660,20220216,9:37 AM,19.05,2.38,,,
659,20220215,9:32 AM,30.72,3.78,,,
658,20220214,9:31 AM,20.45,2.3,,,
657,20220213,10:09 AM,37.28,4.74,,,
656,20220212,3:09 PM,29.8,3.45,,,
655,20220211,2:33 PM,37.92,4.74,,,
654,20220210,9:17 AM,39.33,4.81,,,
653,20220209,11:15 PM,35.33,3.86,,,
652,20220208,9:25 AM,20.87,2.36,,,
651,20220207,1:59 PM,20.5,2.45,,,
650,20220206,9:35 AM,20.73,2.32,,,
649,20220205,10:37 AM,30.43,3.63,,,
648,20220204,11:43 PM,16.2,1.83,,,
647,20220203,10:03 PM,20.5,2.13,,,
646,20220202,1:29 PM,29.78,3.86,,,
645,20220201,6:14 PM,20.2,2.2,,,
644,20220131,10:05 AM,35.87,4.74,,,
643,20220130,9:26 AM,31.97,3.78,,,
642,20220129,4:31 PM,21,2.5,,,
641,20220128,3:28 PM,28.95,3.87,,,
640,20220127,4:34 PM,35.37,4.77,,,
639,20220126,2:36 PM,30.25,4.16,,,
638,20220125,9:28 AM,29,3.83,,,
637,20220124,8:52 AM,29.92,3.83,,,
636,20220123,10:58 AM,30.38,3.83,,,
635,20220122,10:20 AM,27.27,2.99,,,
634,20220121,9:04 AM,30.43,3.78,,,
633,20220120,9:28 AM,31.33,3.84,,,
632,20220119,1:39 PM,21.23,2.53,,,
631,20220118,1:41 PM,21.13,2.42,,,
630,20220117,10:32 AM,21.32,2.43,,,
629,20220116,1:09 PM,20.35,2.2,,,
628,20220115,1:08 PM,16.58,1.86,,,
627,20220114,2:39 PM,15.05,1.69,,,
626,20220113,10:23 AM,14.95,1.62,,,
625,20220112,9:43 AM,13.32,1.35,,,
624,20220111,12:45 PM,13.33,1.56,,,
623,20220110,11:21 AM,34.47,4.73,,,
622,20220109,8:44 AM,34.43,4.71,,,
621,20220108,2:11 PM,35.22,4.79,,,
620,20220107,9:26 AM,48.17,6.12,,,
619,20220106,11:13 AM,19.48,2.55,,,
618,20220105,9:14 AM,28.12,3.78,,,
617,20220104,9:03 AM,20.52,2.52,,,
616,20220103,9:09 AM,19.4,2.22,,,
615,20220102,11:00 AM,16.17,1.75,,,
614,20220101,10:05 AM,16.55,1.75,,,
613,20211231,10:09 AM,18.93,1.91,,,
612,20211230,10:14 AM,15.7,1.56,,,
611,20211229,9:33 AM,20.32,2.34,,,
610,20211228,9:41 AM,15.88,1.6,,,
609,20211227,10:36 AM,40.12,4.91,,,
608,20211226,9:08 AM,22.45,2.8,,,
607,20211225,11:07 AM,53.6,7.59,,,
606,20211224,9:59 AM,29.17,3.77,,,
605,20211223,11:33 AM,37.7,4.73,,,
604,20211222,11:17 PM,20.73,2.13,,,
603,20211221,10:06 AM,21.93,2.26,,,
602,20211220,9:03 AM,20.32,1.81,,,
601,20211219,9:44 AM,20.9,2.41,,,
600,20211218,11:11 PM,20.55,2.28,,,
599,20211217,11:08 AM,38.13,4.8,,,
598,20211216,1:32 PM,36.73,4.76,,,
597,20211215,11:23 AM,35.47,4.78,,,
596,20211214,8:44 AM,29.03,3.84,,,
595,20211213,8:24 AM,21.47,2.25,,,
594,20211212,11:17 AM,39.23,4.77,,,
593,20211211,5:04 PM,60.85,7.6,,,
592,20211210,8:36 AM,16.67,1.95,,,
591,20211209,8:47 AM,31.42,3.84,,,
590,20211208,9:26 AM,37.48,4.73,,,
589,20211207,11:34 AM,29.13,3.82,,,
588,20211206,11:16 AM,16.78,2.04,,,
587,20211205,10:47 AM,57.68,7.59,,,
586,20211204,12:55 PM,54.38,7.87,,,
585,20211203,8:26 AM,30.58,3.89,,,
584,20211202,3:41 PM,36.13,4.75,,,
583,20211201,10:13 PM,31.32,3.61,,,
582,20211130,9:17 AM,36.53,4.78,,,
581,20211129,10:42 PM,30.42,3.8,,,
580,20211128,10:39 AM,35.42,4.78,,,
579,20211127,9:57 AM,30.85,3.49,,,
578,20211126,5:10 PM,14.37,1.45,,,
577,20211125,11:04 AM,55.5,7.53,,,
576,20211124,10:14 PM,32.32,3.91,,,
575,20211123,9:44 AM,20.82,2.58,,,
574,20211122,2:03 PM,20.78,2.55,,,
573,20211121,10:40 AM,36.38,4.76,,,
572,20211120,9:56 AM,35.42,4.78,,,
571,20211119,10:42 AM,36.05,4.74,,,
570,20211118,4:53 PM,16.42,1.83,,,
569,20211117,9:21 AM,39.1,5.01,,,
568,20211116,9:17 AM,36.4,4.74,,,
567,20211115,9:33 AM,29.82,3.82,,,
566,20211114,1:09 PM,21.28,2.58,,,
565,20211113,1:35 PM,54.87,7.58,,,
564,20211112,8:57 AM,21,2.42,,,
563,20211111,9:56 PM,37.68,4.79,,,
562,20211110,4:57 PM,20.75,2.53,,,
561,20211109,8:52 AM,36.7,4.73,,,
560,20211108,11:39 AM,34.53,4.74,,,
559,20211107,9:33 AM,36.12,4.76,,,
558,20211106,9:04 PM,39.88,4.81,,,
557,20211105,9:20 AM,35.9,4.74,,,
556,20211104,5:55 PM,21.3,2.59,,,
555,20211103,9:26 AM,29.23,3.77,,,
554,20211102,10:32 PM,39.35,4.79,,,
553,20211101,8:35 AM,31.52,3.78,,,
552,20211031,11:02 PM,33.28,3.83,,,
551,20211030,5:35 PM,28.48,3.81,,,
550,20211029,8:29 AM,22.18,2.62,,,
549,20211028,9:07 AM,32.48,3.93,,,
548,20211027,9:31 AM,21.1,2.5,,,
547,20211026,9:28 AM,30.52,3.76,,,
546,20211025,9:22 AM,31.57,3.84,,,
545,20211024,10:46 PM,33.65,3.88,,,
544,20211023,10:30 PM,33.68,3.96,,,
543,20211022,11:36 PM,20.62,2.27,,,
542,20211021,10:08 PM,21.42,2.28,,,
541,20211020,9:05 AM,32.4,3.77,,,
540,20211019,10:45 PM,33.88,3.84,,,
539,20211018,9:44 PM,16,1.74,,,
538,20211017,5:23 PM,3.7,0.42,,,
538,20211017,5:30 PM,19.17,3.13,,,
537,20211016,8:12 AM,30.42,3.83,,,
536,20211015,6:16 PM,33.23,3.88,,,
535,20211014,9:19 AM,16.2,1.95,,,
534,20211013,10:18 PM,15.23,1.78,,,
533,20211012,8:36 AM,30.28,3.87,,,
532,20211011,8:38 AM,30.75,3.84,,,
531,20211010,10:12 AM,35.78,4.75,,,
530,20211009,10:30 PM,20.15,2.46,,,
529,20211008,9:30 AM,16.85,2.16,,,
528,20211007,10:43 PM,20.2,2.43,,,
527,20211006,8:40 AM,16.75,1.88,,,
526,20211005,6:13 PM,20.9,2.6,,,
525,20211004,11:17 PM,20.5,2.25,,,
524,20211003,8:26 AM,49.53,5.02,,,
523,20211002,2:32 PM,48.62,6.57,,,
522,20211001,11:22 PM,31.87,3.84,,,
521,20210930,9:26 AM,16.75,2.59,,,
520,20210929,9:36 PM,31.28,3.75,,,
519,20210928,9:23 AM,16.03,2.29,,,
518,20210927,10:02 PM,30.48,3.78,,,
517,20210926,3:59 PM,42.6,5.06,,,
516,20210925,12:29 PM,29.93,3.94,,,
515,20210924,9:18 AM,35.2,4.76,,,
514,20210923,9:14 AM,15.75,2.21,,,
513,20210922,8:53 AM,28.38,3.78,,,
512,20210921,7:23 AM,20.2,2.45,,,
511,20210920,5:41 PM,34.93,4.68,,,
510,20210919,10:16 AM,29.77,3.78,,,
509,20210918,7:20 AM,59.37,6.54,,,
508,20210917,8:34 PM,29.13,3.73,,,
507,20210916,7:02 AM,28.63,3.77,,,
506,20210915,7:04 AM,20.65,2.68,,,
505,20210914,7:09 AM,21.97,2.55,,,
504,20210913,7:08 AM,34.68,4.06,,,
503,20210912,7:41 AM,41.77,4.98,,,
502,20210911,8:33 AM,28.02,3.78,,,
501,20210910,7:18 AM,20.97,2.24,,,
500,20210909,9:06 AM,16.25,2.29,,,
499,20210908,8:40 AM,28.15,3.7,,,
498,20210907,6:51 AM,29.37,3.81,,,
497,20210906,8:51 AM,33.63,3.85,,,
496,20210905,7:19 PM,20.1,2.38,,,
495,20210904,7:19 AM,36.6,4.05,,,
494,20210903,8:35 AM,32.48,3.84,,,
493,20210902,7:34 AM,29.28,3.75,,,
492,20210901,7:22 AM,31.12,3.81,,,
491,20210831,9:06 AM,33.73,3.84,,,
490,20210830,8:50 AM,20.97,2.08,,,
489,20210829,9:14 AM,33.03,3.86,,,
488,20210828,10:48 AM,27.28,3.94,,,
487,20210827,9:11 AM,31.98,3.85,,,
486,20210826,9:12 AM,32.68,3.85,,,
485,20210825,8:35 AM,32.22,3.79,,,
484,20210824,8:33 AM,30.67,3.9,,,
483,20210823,11:40 PM,18.92,2.16,,,
482,20210822,7:41 AM,27.9,3.13,,,
481,20210821,7:00 AM,15.82,1.88,,,
480,20210820,9:05 AM,28.9,3.84,,,
479,20210819,9:31 AM,17.7,2.41,,,
478,20210818,7:22 AM,29.02,3.85,,,
477,20210817,10:47 AM,11.05,1.63,,,
476,20210816,10:18 PM,20.32,2.41,,,
475,20210815,8:58 AM,30.72,3.83,,,
474,20210814,9:17 AM,33.53,3.88,,,
473,20210813,8:13 AM,34.35,3.86,,,
472,20210812,8:07 AM,29.87,3.8,,,
472,20210812,8:45 AM,12.65,1.25,,,
471,20210811,7:26 AM,30.37,3.77,,,
470,20210810,12:40 PM,14.9,1.98,,,
469,20210809,11:11 AM,30.2,3.77,,,
468,20210808,8:44 AM,28.88,3.77,,,
467,20210807,7:57 AM,33.95,3.89,,,
466,20210806,8:11 AM,35.78,3.86,,,
465,20210805,10:43 PM,32.23,3.86,,,
464,20210804,8:47 AM,15.58,1.59,,,
463,20210803,11:09 PM,20.98,2.48,,,
462,20210802,8:10 PM,28.18,3.79,,,
461,20210801,8:07 AM,33.15,3.85,,,
460,20210731,8:49 AM,29.45,3.83,,,
460,20210731,9:34 AM,15.88,1.62,,,
459,20210730,8:30 AM,33.95,3.87,,,
458,20210729,8:04 AM,29.33,3.79,,,
457,20210728,11:11 PM,20.75,2.26,,,
456,20210727,8:13 AM,32.5,3.87,,,
455,20210726,7:51 AM,29.85,3.84,,,
454,20210725,8:07 AM,27.9,3.78,,,
453,20210724,9:54 AM,31.48,3.85,,,
452,20210723,6:58 AM,30.88,3.86,,,
452,20210723,7:50 AM,10.45,1.1,,,
451,20210722,7:53 AM,33,4,,,
450,20210721,6:26 AM,32,4,,,
449,20210720,10:20 AM,30,3,,,
448,20210719,9:58 AM,28,3.5,,,
447,20210718,7:30 AM,30,3.9,,,
446,20210717,8:02 AM,32,3.9,,,
445,20210716,8:22 AM,20,1.8,,,
444,20210715,7:58 AM,22,2.7,,,
443,20210714,10:00 AM,30,3,,,
442,20210713,7:30 AM,33,3.9,,,
441,20210712,7:58 AM,30,3.9,,,
440,20210711,8:31 AM,34.52,3.86,,,
439,20210710,7:47 AM,21.87,2.11,,,
438,20210709,9:21 AM,35.03,3.9,,,
437,20210708,8:44 AM,17.43,2.31,,,
436,20210707,6:07 PM,34.82,3.88,,,
435,20210706,10:15 PM,31.98,3.97,,,
434,20210705,7:43 AM,30.95,4,,,
433,20210704,9:11 AM,33.63,3.82,,,
432,20210703,7:31 AM,30.35,4.03,,,
431,20210702,9:34 PM,32.4,3.96,,,
430,20210701,8:29 AM,22.33,2.68,,,
429,20210630,7:15 AM,30.9,3.92,,,
428,20210629,8:10 AM,31.92,3.85,,,
427,20210628,8:01 AM,32.08,3.99,,,
426,20210627,7:12 AM,32.72,3.69,,,
425,20210626,6:52 AM,30.05,3.29,,,
424,20210625,7:30 AM,44.97,5.36,,,
423,20210624,7:55 AM,34.6,3.83,,,
422,20210623,10:48 AM,16.52,2.33,,,
421,20210622,7:33 AM,20.28,1.96,,,
420,20210621,7:19 AM,32.17,4,,,
419,20210620,7:50 AM,30.45,3.94,,,
418,20210619,6:55 AM,29.63,3.92,,,
417,20210618,7:11 PM,20.37,2.77,,,
416,20210617,7:05 AM,30.98,3.9,,,
415,20210616,6:36 AM,31.15,3.98,,,
414,20210615,11:42 AM,19.37,2.5,,,
413,20210614,7:09 AM,32.55,3.87,,,
412,20210613,9:10 AM,33.68,3.9,,,
411,20210612,8:51 AM,27.6,3.86,,,
410,20210611,6:59 AM,31.6,3.93,,,
409,20210610,10:39 PM,18.9,2.31,,,
408,20210609,9:29 AM,15.02,2.02,,,
407,20210608,6:50 AM,30.92,3.95,,,
406,20210607,6:59 AM,21.55,2.48,,,
405,20210606,7:09 AM,30.37,3.54,,,
404,20210605,6:53 AM,30.33,3.38,,,
403,20210604,6:46 AM,30.63,3.99,,,
402,20210603,6:56 AM,19.82,2.38,,,
401,20210602,6:53 AM,21.98,2.53,,,
400,20210601,10:04 PM,36.82,4.02,,,
399,20210531,7:00 AM,28,3.07,,,
398,20210530,5:35 AM,23.43,2.79,,,
397,20210529,6:36 AM,32.9,3.96,,,
396,20210528,6:06 PM,36.72,3.81,,,
395,20210527,8:37 AM,30.37,3.92,,,
394,20210526,9:13 AM,13.47,1.99,,,
393,20210525,9:24 AM,15.87,2.01,,,
392,20210524,11:38 AM,21.13,2.7,,,
391,20210523,7:50 PM,16.33,1.89,,,
390,20210522,3:35 PM,36.68,3.89,,,
389,20210521,7:09 AM,21.3,2.58,,,
388,20210520,10:39 PM,16.88,2.02,,,
387,20210519,7:30 AM,12.55,1.56,,,
386,20210518,9:23 AM,15.28,2.28,,,
385,20210517,6:28 PM,16.6,2.19,,,
384,20210516,10:46 AM,16.25,2.16,,,
383,20210515,10:27 PM,17.93,2.12,,,
382,20210514,7:30 AM,16.73,2.17,,,
381,20210513,7:02 AM,20.15,2.56,,,
380,20210512,9:32 AM,14.88,2.02,,,
379,20210511,7:04 AM,19.73,2.53,,,
378,20210510,6:42 AM,32.02,3.93,,,
377,20210509,8:45 AM,21.8,2.6,,,
376,20210508,11:00 AM,21.02,2.31,,,
376,20210508,12:47 PM,19.27,1.82,,,
375,20210507,6:58 AM,30.62,3.89,,,
374,20210506,9:35 AM,22.08,2.65,,,
373,20210505,12:13 PM,29.13,3.95,,,
372,20210504,7:23 AM,17.98,1.96,,,
371,20210503,9:27 AM,15.45,2.04,,,
370,20210502,2:01 PM,35.3,3.95,,,
369,20210501,8:48 AM,21.35,2.89,,,
368,20210430,8:46 AM,23.68,2.8,,,
367,20210429,6:40 AM,17.27,2.02,,,
366,20210428,6:59 AM,21.23,2.55,,,
365,20210427,7:14 AM,20.08,2.41,,,
364,20210426,7:22 AM,16.93,2.06,,,
363,20210425,10:14 PM,16.68,1.91,,,
362,20210424,6:38 PM,17.27,1.96,,,
361,20210423,1:12 PM,16.5,2.02,,,
360,20210422,9:31 AM,15.85,1.92,,,
359,20210421,10:32 PM,20.48,2.37,,,
358,20210420,9:42 PM,32.72,3.91,,,
357,20210419,7:11 AM,20.4,2.35,,,
356,20210418,9:59 PM,20.55,2.43,,,
355,20210417,7:59 AM,20.8,2.19,,,
354,20210416,7:52 AM,22.78,2.05,,,
353,20210415,4:35 PM,14.92,1.2,,,
352,20210414,10:20 PM,20.57,2.37,,,
351,20210413,8:18 AM,29.4,3.93,,,
350,20210412,9:29 AM,15.42,1.99,,,
349,20210411,11:19 PM,17.63,1.98,,,
348,20210410,10:00 PM,20.87,2.41,,,
347,20210409,1:46 PM,15.97,1.95,,,
346,20210408,9:34 AM,29.1,3.89,,,
345,20210407,7:09 AM,16.9,2.07,,,
344,20210406,1:14 PM,21.03,2.73,,,
343,20210405,6:57 AM,17.43,2.21,,,
342,20210404,5:56 PM,16.27,1.97,,,
341,20210403,10:54 PM,16.22,1.86,,,
340,20210402,10:49 AM,28.58,3.92,,,
339,20210401,7:07 AM,16.63,1.9,,,
338,20210331,10:12 PM,14.83,1.75,,,
337,20210330,6:51 AM,21.38,2.45,,,
336,20210329,9:24 AM,15.07,2.05,,,
335,20210328,7:46 PM,15.32,1.8,,,
334,20210327,6:24 PM,27.53,4.03,,,
333,20210326,6:51 AM,30.92,3.86,,,
332,20210325,6:51 AM,17.82,2.06,,,
331,20210324,6:31 AM,19.45,2.18,,,
330,20210323,9:28 AM,14.62,1.95,,,
329,20210322,7:04 AM,19.15,2.13,,,
328,20210321,10:49 PM,18.47,2.08,,,
327,20210320,12:43 PM,16.83,2.08,,,
326,20210319,10:21 PM,17.45,2.05,,,
325,20210318,11:13 AM,16.28,1.99,,,
324,20210317,9:31 AM,16.13,2.03,,,
323,20210316,9:37 AM,12,1.39,,,
322,20210315,6:04 PM,10.9,1.09,,,
321,20210314,9:20 PM,21.58,2.41,,,
320,20210313,8:39 PM,23.22,2.47,,,
319,20210312,6:52 AM,29.73,3.96,,,
318,20210311,9:19 AM,14.45,1.81,,,
317,20210310,6:56 AM,18.07,2.14,,,
316,20210309,6:55 AM,18.32,2.09,,,
315,20210308,6:58 AM,18.3,2.08,,,
314,20210307,5:55 PM,29.23,3.85,,,
313,20210306,11:12 AM,20.87,2.22,,,
312,20210305,7:04 AM,18.22,1.92,,,
311,20210304,6:49 AM,21.15,2.4,,,
310,20210303,6:59 AM,19.78,2.15,,,
309,20210302,6:55 AM,17.5,1.88,,,
308,20210301,7:20 AM,9.4,1.01,,,
307,20210228,1:50 PM,19.12,2.33,,,
306,20210227,5:33 PM,11.03,1.28,,,
305,20210226,2:04 PM,15.78,1.95,,,
304,20210225,7:10 AM,13.9,1.48,,,
303,20210224,7:04 AM,15.38,1.68,,,
302,20210223,7:10 AM,20.62,2.25,,,
301,20210222,9:30 AM,19.03,2.22,,,
300,20210221,8:05 AM,20.75,2.37,,,
299,20210220,11:38 AM,31.65,3.94,,,
298,20210219,6:58 AM,16.5,1.87,,,
297,20210218,6:42 PM,22.53,2.47,,,
296,20210217,5:40 PM,39.05,4.67,,,
295,20210216,7:20 PM,16.55,1.88,,,
294,20210215,12:38 PM,36.13,3.86,,,
293,20210214,9:20 AM,14.03,1.59,,,
292,20210213,8:13 AM,13.83,1.64,,,
291,20210212,10:52 AM,12.8,1.63,,,
290,20210211,2:05 PM,13.35,1.68,,,
289,20210210,6:45 AM,19.67,2.2,,,
288,20210209,9:19 PM,18.17,2.12,,,
287,20210208,2:10 PM,16.57,2,,,
286,20210207,9:14 AM,40.77,4.77,,,
285,20210206,12:27 PM,14.53,1.7,,,
284,20210205,1:48 PM,15.22,1.91,,,
283,20210204,8:21 AM,35.75,3.85,,,
282,20210203,8:22 AM,35.93,3.71,,,
281,20210202,8:24 AM,38.07,3.84,,,
280,20210201,8:25 AM,39.57,3.84,,,
279,20210131,5:07 PM,40.82,4.68,,,
278,20210130,1:23 PM,55.03,6.9,,,
277,20210129,1:53 PM,15.48,1.95,,,
276,20210128,8:11 AM,35.38,3.9,,,
275,20210127,8:20 AM,38,3.88,,,
274,20210126,8:21 AM,36.15,3.78,,,
273,20210125,8:28 AM,33.48,3.67,,,
272,20210124,2:34 PM,32.1,4.16,,,
271,20210123,2:32 PM,32.25,4.28,,,
270,20210122,2:06 PM,16.28,2.18,,,
269,20210121,8:13 AM,35.25,3.73,,,
268,20210120,8:26 AM,35.05,3.78,,,
267,20210119,8:11 AM,41.33,3.83,,,
266,20210118,5:40 PM,22.42,2.02,,,
265,20210117,11:08 AM,29.23,3.97,,,
264,20210116,5:00 PM,35.85,3.9,,,
263,20210115,8:54 AM,16.42,1.78,,,
262,20210114,8:19 AM,35.82,3.59,,,
261,20210113,8:17 AM,35.68,3.74,,,
260,20210112,8:19 AM,35.68,3.87,,,
259,20210111,8:17 AM,37.92,3.78,,,
258,20210110,6:49 PM,7.17,0.87,,,
257,20210109,6:04 PM,21.3,1.81,,,
256,20210108,1:11 PM,37.52,3.81,,,
255,20210107,8:14 AM,37.67,3.77,,,
254,20210106,8:39 AM,17.73,1.87,,,
253,20210105,8:11 AM,37.78,3.69,,,
252,20210104,5:21 PM,45.08,3.88,,,
251,20210103,10:31 AM,30.75,3.98,,,
250,20210102,10:51 AM,31,4.12,,,
249,20210101,10:22 AM,30.42,3.97,,,
248,20201231,8:03 AM,31.83,3.97,,,
247,20201230,8:17 AM,31.17,3.85,,,
246,20201229,8:46 AM,22.2,2.49,,,
245,20201228,8:19 AM,31.67,3.98,,,
244,20201227,5:28 PM,23.02,2.78,,,
243,20201226,10:34 AM,30,3.97,,,
242,20201225,9:28 AM,16.68,2.07,,,
241,20201224,7:53 AM,29.53,3.93,,,
240,20201223,8:07 AM,30.85,3.9,,,
239,20201222,8:00 AM,31.8,3.92,,,
238,20201221,9:30 AM,20.87,2.65,,,
237,20201220,5:49 PM,15.83,1.24,,,
236,20201219,10:01 AM,26.73,3.3,,,
235,20201218,4:28 PM,16.18,1.35,,,
234,20201217,8:21 AM,37.53,3.73,,,
233,20201216,8:27 AM,35.73,3.94,,,
232,20201215,8:22 AM,34.27,3.73,,,
231,20201214,8:51 AM,17.98,1.91,,,
230,20201213,10:17 PM,20.08,2.26,,,
229,20201212,12:43 PM,21.43,2.67,,,
228,20201211,11:46 AM,14.05,1.8,,,
227,20201210,8:37 AM,38.25,5.06,,,
226,20201209,8:24 AM,35.23,3.78,,,
225,20201208,8:15 AM,35.13,3.73,,,
224,20201207,5:14 PM,22.08,1.96,,,
223,20201206,12:24 PM,21.63,2.58,,,
222,20201205,8:45 AM,15.53,1.88,,,
221,20201204,1:06 PM,14.15,1.98,,,
220,20201203,8:49 AM,16.12,1.96,,,
219,20201202,8:19 AM,34.62,3.75,,,
218,20201201,8:41 AM,16.2,1.87,,,
217,20201130,8:45 AM,15.82,1.82,,,
216,20201129,12:52 PM,40.18,4.24,,,
215,20201128,3:42 PM,38.7,3.93,,,
214,20201127,10:04 AM,20.58,2.45,,,
213,20201126,4:16 PM,39.6,4.03,,,
212,20201125,11:31 PM,20.1,2.45,,,
211,20201124,8:18 AM,35.67,3.79,,,
210,20201123,9:20 PM,20.17,2.48,,,
209,20201122,11:43 AM,21.8,2.83,,,
208,20201121,12:27 PM,37.23,3.98,,,
207,20201120,9:10 AM,13.98,1.9,,,
206,20201119,8:23 AM,34.98,3.87,,,
205,20201118,8:19 AM,38.5,3.84,,,
204,20201117,9:07 PM,17.03,2.02,,,
203,20201116,8:13 AM,37,4.01,,,
202,20201115,11:07 PM,14.38,1.88,,,
201,20201114,1:24 PM,30.23,3.02,,,
200,20201113,7:03 PM,14.2,1.74,,,
199,20201112,1:34 PM,26.65,3.07,,,
198,20201111,1:53 PM,34.1,3.64,,,
197,20201110,8:08 AM,35.05,3.66,,,
196,20201109,8:15 AM,34.5,3.72,,,
195,20201108,2:00 PM,22.42,2.3,,,
194,20201107,5:50 PM,16.37,1.87,,,
193,20201106,8:45 AM,18.03,1.65,,,
192,20201105,8:11 AM,34.97,3.53,,,
191,20201104,8:09 AM,36.1,3.81,,,
190,20201103,8:06 AM,38.97,3.78,,,
189,20201102,8:09 AM,44.5,4.02,,,
188,20201101,8:23 AM,19.57,1.54,,,
187,20201031,9:50 PM,22.45,2.43,,,
186,20201030,2:23 PM,27.63,3.23,,,
185,20201029,8:13 AM,42.57,4.47,,,
184,20201028,8:11 AM,40.22,4.45,,,
183,20201027,8:15 AM,43.8,4.56,,,
182,20201026,8:18 AM,47.57,4.39,,,
181,20201025,8:53 AM,27.88,2.76,,,
180,20201024,9:30 AM,14.9,1.66,,,
179,20201023,1:31 PM,15.17,1.65,,,
178,20201022,8:12 AM,39.1,4.48,,,
177,20201021,8:03 AM,40.02,4.3,,,
176,20201020,8:11 AM,42.3,4.4,,,
175,20201019,8:15 AM,40.25,4.38,,,
174,20201018,10:58 AM,26.07,3.6,,,
173,20201017,11:44 AM,20.57,2.18,,,
172,20201016,9:47 AM,16.27,2.01,,,
171,20201015,8:07 AM,41.43,4.49,,,
170,20201014,8:10 AM,24.55,2.86,,,
169,20201013,8:15 AM,43.67,4.24,,,
168,20201012,8:17 AM,42.55,4.61,,,
167,20201011,9:04 AM,27.58,2.72,,,
166,20201010,9:56 AM,24.87,3.54,,,
165,20201009,8:47 AM,23.78,2.57,,,
164,20201008,8:11 AM,40.13,4.15,,,
163,20201007,8:14 AM,43.07,4.83,,,
162,20201006,8:12 AM,49.42,4.42,,,
161,20201005,8:19 AM,46.52,4.72,,,
160,20201004,8:33 AM,27.72,2.81,,,
159,20201003,10:41 AM,13.98,1.36,,,
158,20201002,8:47 AM,15.87,1.99,,,
157,20201001,8:11 AM,41.13,4.47,,,
156,20200930,7:59 AM,41.53,4.53,,,
155,20200929,8:11 AM,39.27,4.49,,,
154,20200928,8:12 AM,41.83,4.5,,,
153,20200927,8:08 AM,31.73,3.75,,,
152,20200926,7:26 AM,20.07,3.13,,,
151,20200925,9:17 AM,26.43,3.6,,,
150,20200924,8:33 AM,18.57,2.45,,,
149,20200923,8:09 AM,43.48,4.78,,,
148,20200922,8:05 AM,46.55,4.89,,,
147,20200921,8:04 AM,44.45,4.66,,,
146,20200920,9:34 AM,10.45,1.26,,,
145,20200919,7:53 AM,22.55,2.16,,,
144,20200918,8:26 AM,10.37,1.1,,,
143,20200917,8:19 AM,10.13,1.29,,,
142,20200916,5:43 PM,8.18,0.59,,,
141,20200915,6:06 PM,7.57,0.55,,,
140,20200914,6:06 PM,15.87,0.5,,,
139,20200913,3:55 PM,5.22,0.38,,,
138,20200912,5:28 PM,4.12,0.3,,,
137,20200911,7:21 AM,10.37,1.27,,,
136,20200910,8:26 AM,17.55,2.19,,,
135,20200909,8:13 AM,24.8,2.07,,,
134,20200908,1:22 PM,16.03,2.09,,,
133,20200907,9:51 AM,19.27,2.42,,,
132,20200906,7:59 PM,16.15,2.05,,,
131,20200905,7:34 AM,23.73,2.82,,,
130,20200904,7:44 AM,15.42,1.88,,,
129,20200903,8:38 AM,16.22,1.98,,,
128,20200902,8:04 AM,18.02,2.15,,,
127,20200901,7:45 AM,23.65,4.45,,,
126,20200831,7:41 AM,25.13,2.49,,,
125,20200830,8:09 AM,43.82,4.94,,,
124,20200829,7:37 AM,24.25,2.42,,,
123,20200828,7:23 AM,22.32,2.19,,,
122,20200827,7:57 AM,19.62,2.35,,,
121,20200826,7:52 AM,20.05,2,,,
120,20200825,7:54 AM,24.95,2.61,,,
119,20200824,7:53 AM,17.77,1.6,,,
118,20200823,7:45 AM,21.65,2.55,,,
117,20200822,7:29 AM,30.12,3.71,,,
116,20200821,7:50 AM,21.6,2.37,,,
115,20200820,7:28 AM,29.7,3.49,,,
114,20200819,7:24 AM,19.18,2.32,,,
113,20200818,7:22 AM,30.55,3.93,,,
112,20200817,8:14 AM,20.97,2.7,,,
111,20200816,10:43 AM,27.53,3.42,,,
110,20200815,7:14 AM,13.4,1.46,,,
109,20200814,7:41 AM,20.53,2.78,,,
108,20200813,7:36 AM,31,4.02,,,
107,20200812,7:55 AM,25,3.51,,,
106,20200811,7:55 AM,20.05,2.32,,,
105,20200810,7:45 AM,20.88,2.67,,,
104,20200809,3:09 PM,14.15,1.75,,,
103,20200808,7:14 AM,20.47,2.59,,,
102,20200807,7:08 AM,25.23,3.49,,,
101,20200806,8:31 AM,14.77,1.82,,,
100,20200805,7:33 AM,20.53,2.65,,,
99,20200804,7:45 AM,24.7,3.54,,,
98,20200803,7:46 AM,19.63,2.27,,,
97,20200802,10:22 AM,29.73,3.89,,,
96,20200801,8:02 AM,24.9,3.43,,,
95,20200731,8:20 AM,23.8,2.57,,,
94,20200730,8:36 AM,11.9,1.24,,,
93,20200729,9:29 PM,19.7,2.38,,,
92,20200728,8:37 AM,16.58,1.87,,,
91,20200727,5:42 AM,33.97,3.95,,,
90,20200726,7:50 AM,24.23,3.43,,,
89,20200725,8:11 AM,27.05,3.41,,,
88,20200724,7:20 AM,30.5,3.73,,,
87,20200723,8:17 AM,24.93,3.5,,,
86,20200722,8:39 AM,12.03,1.26,,,
85,20200721,7:27 AM,24.47,3.4,,,
84,20200720,6:54 AM,25.58,3.44,,,
83,20200719,10:34 AM,28.97,3.38,,,
82,20200718,9:15 AM,23.95,3.36,,,
81,20200717,7:23 AM,25.12,3.43,,,
80,20200716,6:58 AM,24.13,3.5,,,
79,20200715,8:40 AM,14.05,1.66,,,
78,20200714,8:21 AM,27.62,3.44,,,
77,20200713,7:58 AM,21.22,2.86,,,
76,20200712,9:06 AM,27.27,3.41,,,
75,20200711,8:44 AM,23.52,3.47,,,
74,20200710,7:45 AM,24.88,3.46,,,
73,20200709,7:42 AM,24.93,3.49,,,
72,20200708,8:26 AM,24.78,3.46,,,
71,20200707,8:31 AM,17.3,1.85,,,
70,20200706,8:34 AM,19.78,2.16,,,
69,20200705,9:44 AM,23.37,3.47,,,
68,20200704,7:06 AM,25.5,3.46,,,
67,20200703,8:13 AM,24.08,3.42,,,
66,20200702,7:24 AM,21.53,2.69,,,
65,20200701,6:59 AM,26.2,3.41,,,
64,20200630,7:50 AM,25.67,3.42,,,
63,20200629,7:24 AM,25.93,3.39,,,
62,20200628,7:42 AM,29.55,3.41,,,
61,20200627,7:26 AM,24.68,3.45,,,
60,20200626,7:23 AM,14.6,1.81,,,
59,20200625,8:45 AM,22.05,3.39,,,
58,20200624,7:30 AM,20.9,2.95,,,
57,20200623,7:14 AM,24.4,3.4,,,
56,20200622,6:22 AM,25.3,3.51,,,
55,20200621,8:12 AM,26.07,3.43,,,
54,20200620,7:22 AM,26.4,3.44,,,
53,20200619,9:55 AM,27.82,3.36,,,
52,20200618,9:08 AM,17.5,2.27,,,
51,20200617,6:27 AM,21.63,2.83,,,
50,20200616,8:23 AM,27.23,2.86,,,
49,20200615,8:03 AM,28.45,3.46,,,
48,20200614,6:10 PM,25.07,3.09,,,
47,20200613,8:49 AM,29.8,3.17,,,
46,20200612,6:49 AM,27.67,3.44,,,
45,20200611,6:55 AM,27.28,3.46,,,
44,20200610,6:51 AM,20.43,2.51,,,
43,20200609,7:05 AM,21.05,2.3,,,
42,20200608,9:26 AM,10.75,2.22,,,
41,20200607,8:20 AM,35.92,3.44,,,
40,20200606,6:25 AM,25.53,3.6,,,
39,20200605,8:53 AM,28.18,3.53,,,
38,20200604,8:09 AM,26.9,3.4,,,
37,20200603,7:02 AM,23.32,3.48,,,
36,20200602,10:31 AM,21,2.43,,,
35,20200601,7:18 AM,25.3,3.48,,,
34,20200531,7:13 AM,25.38,3.42,,,
33,20200530,7:41 AM,25.02,3.44,,,
32,20200529,6:49 AM,25.22,3.41,,,
31,20200528,9:31 AM,23.68,3.44,,,
30,20200527,10:24 AM,20.03,2.79,,,
29,20200526,6:37 AM,25.27,3.4,,,
28,20200525,7:37 AM,24.88,3.48,,,
27,20200524,6:08 AM,25.37,3.49,,,
26,20200523,8:02 AM,26.03,3.39,,,
25,20200522,8:26 AM,27.9,3.49,,,
24,20200521,5:54 AM,26.22,3.58,,,
23,20200520,7:01 AM,19.92,2.9,,,
22,20200519,6:28 AM,23.45,3.4,,,
21,20200518,6:30 AM,22.98,3.4,,,
20,20200517,8:00 AM,23,3.4,,,
19,20200516,6:54 AM,23.35,3.41,,,
18,20200515,7:29 AM,22.13,2.85,,,
17,20200514,7:54 AM,20.07,2.82,,,
16,20200513,6:03 AM,23.47,3.42,,,
15,20200512,6:56 AM,23.9,3.45,,,
14,20200511,6:40 AM,24.42,3.46,,,
13,20200510,7:25 AM,24.58,3.46,,,
12,20200509,7:07 AM,28.37,3.55,,,
12,20200509,7:07 AM,27.22,3.47,,,
11,20200508,7:05 AM,19.65,2.42,,,
10,20200507,8:04 AM,24.95,2.68,,,
9,20200506,6:56 AM,15.13,1.45,,,
8,20200505,6:38 AM,19.8,2.67,,,
7,20200504,6:57 AM,25.27,3.48,,,
6,20200503,6:25 AM,26.07,3.29,,,
5,20200502,7:28 AM,8.37,1.03,,,
5,20200502,8:08 AM,26.73,3.34,,,
4,20200501,7:14 AM,24.98,3.45,,,
3,20200430,6:13 AM,24.7,3.32,,,
2,20200429,7:56 AM,21.33,2.7,,,
1,20200428,8:37 AM,20.35,2.7,,,
117,20200426,6:01 AM,19.82,2.59,,,
116,20200425,6:09 AM,23.83,3.26,,,
115,20200424,6:13 AM,22.43,3.26,,,
114,20200423,6:22 AM,23.72,3.27,,,
113,20200422,5:56 AM,23.12,3.26,,,
112,20200421,10:52 AM,22.38,2.41,,,
111,20200420,9:28 AM,22.58,3.23,,,
110,20200419,6:16 AM,23.15,3.24,,,
109,20200418,6:08 AM,23,3.23,,,
108,20200417,6:25 AM,22.97,3.25,,,
107,20200416,6:15 AM,23.58,3.31,,,
106,20200415,6:01 AM,23.87,3.3,,,
105,20200414,9:08 AM,23.87,3.29,,,
104,20200413,9:31 AM,23.18,3.27,,,
103,20200412,8:52 AM,18.32,2.31,,,
102,20200411,6:02 AM,15.22,2.06,,,
101,20200410,6:27 AM,23.13,3.22,,,
100,20200409,6:50 AM,16.37,2.31,,,
99,20200408,6:22 AM,16.33,2.24,,,
98,20200407,7:07 AM,16.63,2.22,,,
97,20200406,6:12 AM,23.87,3.22,,,
96,20200405,6:34 AM,23.13,3.21,,,
95,20200404,6:37 AM,23.52,3.27,,,
94,20200403,6:46 AM,25.63,3.21,,,
93,20200402,6:29 AM,23.08,3.21,,,
92,20200401,6:22 AM,23.67,3.29,,,
91,20200331,7:12 AM,20.92,2.48,,,
90,20200330,7:24 AM,24.27,3.26,,,
89,20200329,5:20 PM,20.43,2.85,,,
88,20200328,4:18 PM,16.37,1.65,,,
87,20200327,7:44 AM,22.43,3.17,,,
86,20200326,7:45 AM,20.17,2.73,,,
85,20200325,2:33 PM,22.1,3.19,,,
84,20200324,8:54 AM,23.02,3.22,,,
83,20200323,8:50 AM,23.63,3.22,,,
82,20200322,7:27 AM,23.45,3.24,,,
81,20200321,10:50 AM,23.13,3.29,,,
80,20200320,10:45 AM,22.58,3.25,,,
79,20200319,11:07 AM,24.25,3.28,,,
78,20200318,11:44 AM,22.62,2.8,,,
77,20200317,10:41 PM,20.6,2.57,,,
76,20200316,6:56 PM,20.3,2.67,,,
75,20200315,9:52 PM,20.53,2.55,,,
74,20200314,11:23 PM,10.97,1.34,,,
73,20200313,7:47 AM,20.28,2.6,,,
72,20200312,6:32 PM,20.3,2.79,,,
71,20200311,8:36 AM,23.77,3.29,,,
70,20200310,5:49 PM,26.12,3.25,,,
69,20200309,11:59 AM,27.1,2.88,,,
68,20200308,3:21 PM,22.38,3,,,
67,20200307,8:31 AM,19.78,2.99,,,
66,20200306,7:31 AM,20.65,2.62,,,
65,20200305,8:59 PM,19.85,2.5,,,
64,20200304,8:32 AM,27.77,3.59,,,
63,20200303,12:02 PM,48.88,5.63,,,
62,20200302,5:52 PM,0.4,0.04,,,
62,20200302,5:53 PM,23.52,3.31,,,
61,20200301,8:26 AM,22.1,3.05,,,
60,20200229,1:21 PM,23.37,3.25,,,
59,20200228,7:55 AM,19.12,2.56,,,
58,20200227,8:09 AM,19.27,2.51,,,
57,20200226,8:05 AM,21.28,2.79,,,
56,20200225,7:20 AM,32.67,4.15,,,
55,20200224,8:02 AM,19.3,2.56,,,
54,20200223,2:56 PM,20.07,2.26,,,
53,20200222,10:18 AM,21.67,2.44,,,
52,20200221,7:58 AM,21.02,2.77,,,
51,20200220,7:45 AM,34.58,4.3,,,
50,20200219,7:26 AM,22.58,2.95,,,
49,20200218,6:53 AM,24.88,3.32,,,
48,20200217,7:23 AM,21.83,2.76,,,
47,20200216,7:46 AM,23.8,3.21,,,
46,20200215,8:55 AM,20.8,2.57,,,
45,20200214,7:58 AM,20.23,2.54,,,
44,20200213,8:46 PM,18.77,2.3,,,
43,20200212,7:33 AM,34.32,4.39,,,
42,20200211,8:04 AM,34.8,4.4,,,
41,20200210,8:08 AM,20.72,2.73,,,
40,20200209,10:22 AM,19.78,2.76,,,
39,20200208,1:28 PM,24.92,3.47,,,
38,20200207,7:26 AM,23.72,3.21,,,
37,20200206,8:17 AM,20.73,2.82,,,
36,20200205,2:31 PM,24.12,3.17,,,
35,20200204,1:26 PM,20.47,2.75,,,
34,20200203,9:49 AM,20.18,2.69,,,
33,20200202,7:56 AM,27.35,3.47,,,
32,20200201,11:41 AM,25.38,2.69,,,
31,20200131,7:39 AM,34.38,4.34,,,
30,20200130,7:56 AM,21.05,2.84,,,
29,20200129,8:08 AM,33.12,4.34,,,
28,20200128,11:34 AM,23.57,3.16,,,
27,20200127,12:30 PM,20.15,2.72,,,
26,20200126,10:52 AM,18.37,2.22,,,
25,20200125,4:26 PM,20.68,2.28,,,
24,20200124,2:48 PM,27.33,3.32,,,
23,20200123,8:01 AM,20.67,2.7,,,
22,20200122,8:29 AM,16.83,2.19,,,
21,20200121,8:40 PM,25.18,3.28,,,
20,20200120,8:24 AM,20.85,2.69,,,
19,20200119,9:55 AM,19.08,2.57,,,
18,20200118,3:35 PM,23.45,3.15,,,
17,20200117,8:28 AM,19.53,2.51,,,
16,20200116,7:31 AM,18.7,2.37,,,
15,20200115,7:59 AM,20.12,2.64,,,
14,20200114,11:13 AM,19.73,2.66,,,
13,20200113,8:01 AM,22.68,3.07,,,
12,20200112,10:04 AM,24.7,3.39,,,
11,20200111,8:05 AM,23.6,3.34,,,
10,20200110,8:15 AM,34.83,4.42,,,
9,20200109,7:42 AM,24.22,3.18,,,
8,20200108,8:35 AM,16.03,2.13,,,
7,20200107,8:04 AM,23.93,3.04,,,
6,20200106,8:07 AM,23.55,3.11,,,
5,20200105,7:37 AM,24.77,3.32,,,
4,20200104,8:17 AM,24.02,3.31,,,
3,20200103,7:26 AM,24.37,3.24,,,
2,20200102,7:31 AM,23.7,3.06,,,
1,20200101,7:27 AM,24.73,3.31,,,
40,20191230,7:33 AM,20.12,2.61,,,
39,20191229,7:28 AM,24.75,3.29,,,
38,20191228,7:11 AM,24.53,3.35,,,
37,20191227,7:31 AM,20.92,2.64,,,
36,20191226,8:46 PM,20.73,2.74,,,
35,20191225,9:23 PM,19.92,2.53,,,
34,20191224,9:52 PM,20.25,2.55,,,
33,20191223,9:34 PM,10.17,1.29,,,
32,20191222,8:58 PM,21.35,2.47,,,
31,20191221,10:09 PM,19.95,2.56,,,
30,20191220,9:43 PM,16.83,1.94,,,
29,20191219,5:31 PM,34.88,4.24,,,
28,20191218,9:35 PM,20.12,2.49,,,
27,20191217,5:40 PM,37.22,4.33,,,
26,20191216,4:47 PM,22.18,2.53,,,
25,20191215,10:22 PM,11.98,1.26,,,
24,20191214,9:36 PM,20.25,2.45,,,
23,20191213,6:19 PM,34.07,4.15,,,
22,20191212,11:21 PM,11.52,1.54,,,
21,20191211,6:08 PM,33.57,4.18,,,
20,20191210,9:17 PM,19.87,2.51,,,
19,20191209,5:31 PM,36.62,4.17,,,
18,20191208,9:29 PM,19.97,2.45,,,
17,20191207,10:09 PM,19.85,2.41,,,
16,20191206,5:39 PM,38.68,4.36,,,
15,20191205,5:46 PM,36.5,4.19,,,
14,20191204,8:34 AM,36.45,4.21,,,
13,20191203,5:38 PM,37.37,4.19,,,
12,20191202,10:40 PM,17.07,1.86,,,
11,20191201,9:11 PM,22.72,2.41,,,
10,20191130,9:01 PM,20.82,2.49,,,
9,20191129,10:05 PM,16.58,1.98,,,
8,20191128,11:49 AM,26.37,2.88,,,
7,20191127,11:32 PM,10.3,1.18,,,
6,20191126,4:56 PM,20.15,2.24,,,
6,20191126,7:18 PM,18.2,1.6,,,
5,20191125,9:14 PM,10.18,1.21,,,
4,20191124,4:32 PM,20.4,2.6,,,
3,20191123,4:53 PM,18.68,1.83,,,
2,20191122,10:23 PM,17.1,1.98,,,
1,20191121,9:04 AM,20.42,2.38,,,
14,20191109,12:35 PM,31.72,2.95,,,
13,20191108,9:32 PM,28.47,3.35,,,
12,20191107,7:31 AM,36.75,4.3,,,
11,20191106,8:55 PM,19.88,2.39,,,
10,20191105,10:49 PM,16.62,1.96,,,
9,20191104,9:08 PM,27.07,3.3,,,
8,20191103,1:13 PM,29.72,3.25,,,
7,20191102,11:57 AM,25.02,2.92,,,
6,20191101,9:38 PM,20.18,2.38,,,
5,20191031,9:49 PM,20.1,2.33,,,
4,20191030,7:37 AM,21.37,2.58,,,
3,20191029,9:03 PM,17.63,1.99,,,
2,20191028,9:28 PM,29.82,3.39,,,
1,20191027,11:46 PM,0,0.02,,,
58,20191024,10:17 PM,15.97,1.87,,,
57,20191023,11:09 PM,15.65,1.93,,,
56,20191022,10:50 PM,19.33,2.36,,,
55,20191021,11:24 PM,15.2,1.78,,,
54,20191020,10:15 PM,11.57,1.35,,,
53,20191019,11:10 PM,20.25,2.37,,,
52,20191018,8:23 PM,29.9,3.38,,,
51,20191017,11:44 PM,20.25,2.33,,,
50,20191016,8:18 PM,29.17,3.31,,,
49,20191015,10:45 PM,20.73,2.49,,,
48,20191014,9:50 PM,20.1,2.48,,,
47,20191013,6:48 PM,13.72,1.52,,,
46,20191012,8:18 PM,22.32,2.48,,,
45,20191011,11:20 PM,15.38,2.12,,,
44,20191010,10:19 PM,12.47,1.55,,,
43,20191009,10:00 PM,22.32,2.9,,,
42,20191008,10:10 PM,23.38,3.06,,,
41,20191007,10:36 PM,12.5,1.6,,,
40,20191006,2:51 PM,27.47,3.21,,,
39,20191005,10:43 PM,15.4,1.65,,,
38,20191004,9:26 PM,14.73,1.78,,,
37,20191003,8:37 PM,29.52,3.25,,,
36,20191002,9:05 PM,26.02,3.22,,,
35,20191001,9:06 PM,20.13,2.48,,,
34,20190930,9:17 PM,19.83,2.45,,,
33,20190929,9:12 PM,19.97,2.58,,,
32,20190928,9:26 AM,30.4,3,,,
31,20190927,9:23 PM,9.55,1.06,,,
30,20190926,9:48 PM,20.67,2.23,,,
29,20190925,11:25 PM,16.08,1.85,,,
28,20190924,9:06 PM,30.07,3.31,,,
27,20190923,8:52 PM,29.87,3.25,,,
26,20190922,8:31 PM,28.28,3.28,,,
25,20190921,9:24 PM,23.52,2.47,,,
24,20190920,9:06 PM,29.98,3.13,,,
23,20190919,9:03 PM,20.33,2.24,,,
22,20190918,8:51 PM,23.15,2.39,,,
21,20190917,8:43 PM,29.78,3.34,,,
20,20190916,8:55 PM,29.82,3.21,,,
19,20190915,4:34 PM,26.98,2.13,,,
18,20190914,8:21 PM,20.95,2.27,,,
17,20190913,8:19 AM,34.22,4.25,,,
16,20190912,11:25 PM,20.23,2.39,,,
15,20190911,6:27 PM,27.37,3.3,,,
14,20190910,7:05 PM,21.23,2.52,,,
13,20190909,10:00 PM,20.23,2.47,,,
12,20190908,10:24 PM,19.85,2.39,,,
11,20190907,9:21 AM,21.27,2.32,,,
10,20190906,7:43 AM,31.3,4.12,,,
9,20190905,8:24 AM,32.4,4.26,,,
8,20190904,9:29 PM,28.95,3.33,,,
7,20190903,9:41 PM,19.13,2.14,,,
6,20190902,5:21 PM,20.87,2.76,,,
5,20190901,9:12 PM,21.82,2.35,,,
4,20190831,8:50 AM,26.72,2.63,,,
3,20190830,9:13 PM,29.9,3.24,,,
2,20190829,1:24 AM,16.1,1.89,,,
2,20190829,10:45 PM,10.13,1.22,,,
1,20190828,2:05 AM,19.92,2.31,,,
28,20190826,9:21 PM,19.83,1.9,,,
27,20190825,11:49 AM,15.03,1.84,,,
26,20190824,8:43 PM,28.67,2.81,,,
25,20190823,9:02 PM,27.72,3.31,,,
24,20190822,8:45 PM,29.87,3.21,,,
23,20190821,9:18 PM,19.33,2.18,,,
22,20190820,9:24 PM,20.32,2.17,,,
21,20190819,9:20 PM,20.67,2.01,,,
20,20190818,8:38 AM,20.15,1.9,,,
19,20190817,12:17 PM,3.42,0.32,,,
19,20190817,10:30 PM,28.75,3.34,,,
18,20190816,10:35 PM,20.43,2.55,,,
17,20190815,10:44 PM,20.27,2.46,,,
16,20190814,8:54 PM,31.95,3.39,,,
15,20190813,8:22 AM,32.83,4.21,,,
14,20190812,10:23 PM,20.1,2.45,,,
13,20190811,10:49 PM,10.23,1.23,,,
12,20190810,12:23 PM,26.68,3.15,,,
11,20190809,9:46 PM,30.47,3.27,,,
10,20190808,8:45 AM,33.3,4.3,,,
9,20190807,11:37 PM,18.9,2.06,,,
8,20190806,9:00 PM,33.72,3.36,,,
7,20190805,9:36 PM,34.72,3.43,,,
6,20190804,10:35 AM,25.67,3.14,,,
5,20190803,7:56 AM,27.7,3.17,,,
4,20190802,8:13 AM,34.12,4.18,,,
3,20190801,8:40 AM,30.7,3.97,,,
2,20190731,8:46 PM,29.65,3.31,,,
1,20190730,12:31 AM,19.48,2.11,,,
1,20190730,8:33 AM,36.03,4.26,,,
14,20190728,10:14 AM,39.12,4.25,,,
13,20190727,10:59 AM,23.32,2.47,,,
12,20190726,9:39 PM,34.4,3.3,,,
11,20190725,8:18 AM,34.57,4.05,,,
10,20190724,8:16 AM,32.08,3.84,,,
9,20190723,9:55 PM,20.27,2.04,,,
8,20190722,10:04 PM,20.17,1.86,,,
7,20190721,5:59 PM,10.22,1.32,,,
6,20190720,6:07 AM,28.83,3.47,,,
5,20190719,8:55 AM,21.17,2.46,,,
4,20190718,7:57 AM,34.87,4.27,,,
3,20190717,8:50 AM,32.93,3.93,,,
2,20190716,8:32 AM,33.52,4.27,,,
1,20190715,9:54 PM,29.33,3.33,,,
8,20190709,8:38 AM,31.67,4.21,,,
7,20190708,11:21 PM,20.42,2.45,,,
6,20190707,9:51 AM,22.35,2.53,,,
5,20190706,9:38 AM,19.83,2.49,,,
4,20190705,9:23 AM,32.13,4.23,,,
3,20190704,9:04 AM,21.37,2.45,,,
2,20190703,8:55 AM,29.87,3.75,,,
1,20190702,11:59 PM,12.35,1.46,,,
4,20190630,9:49 PM,19.6,1.78,,,
3,20190629,11:50 PM,16.72,1.79,,,
2,20190628,11:32 PM,16.65,1.92,,,
1,20190627,1:01 AM,17.63,1.96,,,
1,20190627,11:49 PM,7.98,0.95,,,
6,20190625,10:35 PM,20.8,2.19,,,
5,20190624,8:24 AM,33.2,4.29,,,
4,20190623,7:44 PM,22.4,2.47,,,
3,20190622,10:29 AM,19.55,2.54,,,
2,20190621,9:38 PM,21.63,2.35,,,
1,20190620,2:02 AM,16,1.89,,,
1,20190620,8:14 AM,32.57,4.23,,,
4,20190618,10:45 PM,19.92,2.41,,,
3,20190617,9:22 PM,20.9,2.16,,,
2,20190616,11:31 PM,19.12,2.32,,,
1,20190615,12:34 AM,20.17,2.44,,,
1,20190615,10:34 PM,16.23,1.78,,,
6,20190613,11:20 PM,15.65,2,,,
5,20190612,8:44 AM,32.35,4.2,,,
4,20190611,8:01 AM,32.33,4.13,,,
3,20190610,11:57 PM,20.38,2.48,,,
2,20190609,10:21 PM,8.55,0.9,,,
1,20190608,7:52 AM,15.48,1.58,,,
128,20190606,8:51 AM,29.43,3.91,,,
127,20190605,9:42 PM,20.07,2.23,,,
126,20190604,11:00 PM,10,1.25,,,
125,20190603,5:29 PM,22.68,2.96,,,
124,20190602,9:49 PM,20.4,2.34,,,
123,20190601,9:27 PM,16.27,2.05,,,
122,20190531,10:52 PM,26.67,3.33,,,
121,20190530,8:54 AM,31.93,4.11,,,
120,20190529,11:22 PM,20.37,2.54,,,
119,20190528,11:23 PM,19.88,2.47,,,
118,20190527,10:14 PM,20.25,2.54,,,
117,20190526,9:43 PM,20.55,2.63,,,
116,20190525,9:32 PM,21.97,2.42,,,
115,20190524,8:53 AM,32.37,4.07,,,
114,20190523,10:15 PM,19.67,2.4,,,
113,20190522,8:05 AM,15.72,2.07,,,
112,20190521,10:16 PM,21.27,2.69,,,
111,20190520,10:24 PM,15.4,1.91,,,
110,20190519,9:05 PM,21.82,2.52,,,
109,20190518,9:25 PM,23.82,2.28,,,
108,20190517,10:16 PM,20.5,2.55,,,
107,20190516,9:02 PM,20.92,2.26,,,
106,20190515,9:36 PM,19.62,2.44,,,
105,20190514,7:25 AM,32.1,4.2,,,
104,20190513,9:59 PM,30.32,3.34,,,
103,20190512,9:26 PM,31.18,3.31,,,
102,20190511,9:38 PM,30.43,3.25,,,
101,20190510,8:01 AM,33.4,4.24,,,
100,20190509,7:47 AM,33.32,4.24,,,
99,20190508,8:54 AM,35.67,4.56,,,
98,20190507,6:09 PM,36.17,4.27,,,
97,20190506,5:53 PM,31.9,3.95,,,
96,20190505,9:11 PM,18.92,2.09,,,
95,20190504,3:28 PM,20.55,2.61,,,
94,20190503,9:08 PM,30.47,3.34,,,
93,20190502,8:47 AM,33.7,4.31,,,
92,20190501,8:09 AM,17.08,2.15,,,
91,20190430,6:04 PM,37.3,4.37,,,
90,20190429,9:49 PM,21.32,2.62,,,
89,20190428,9:30 PM,33.13,3.38,,,
88,20190427,9:27 PM,29.87,3.43,,,
87,20190426,7:59 AM,33.43,4.23,,,
86,20190425,9:22 PM,23.15,2.61,,,
85,20190424,5:21 PM,32.05,3.96,,,
84,20190423,7:56 AM,34.67,4.37,,,
83,20190422,9:13 PM,19.95,2.55,,,
82,20190421,9:52 PM,12.8,1.28,,,
81,20190420,9:23 PM,29.02,3.26,,,
80,20190419,8:58 PM,28.62,3.29,,,
79,20190418,9:40 PM,21.13,2.25,,,
78,20190417,9:28 PM,28.82,3.29,,,
77,20190416,8:37 PM,29.2,3.37,,,
76,20190415,9:25 PM,30.98,3.34,,,
75,20190414,9:13 PM,22.07,2.46,,,
74,20190413,9:39 PM,20.22,2.65,,,
73,20190412,9:23 PM,20.32,2.19,,,
72,20190411,9:35 PM,21.35,2.45,,,
71,20190410,9:43 PM,30.47,3.37,,,
70,20190409,10:13 PM,22.78,2.54,,,
69,20190408,9:53 PM,25.05,3.3,,,
68,20190407,8:51 PM,29.67,3.34,,,
67,20190406,9:36 PM,29.85,3.36,,,
66,20190405,10:57 PM,13.92,1.7,,,
65,20190404,9:38 PM,29.08,3.31,,,
64,20190403,9:12 PM,29.08,3.28,,,
63,20190402,9:26 PM,29.53,3.38,,,
62,20190401,9:28 PM,15.57,1.73,,,
61,20190331,9:30 PM,24.9,2.32,,,
60,20190330,4:07 PM,17.57,1.59,,,
59,20190329,9:55 PM,21.05,2.18,,,
58,20190328,9:08 PM,30.27,3.29,,,
57,20190327,9:26 PM,29.93,3.35,,,
56,20190326,8:46 PM,27.13,3.3,,,
55,20190325,9:15 PM,28.23,3.4,,,
54,20190324,9:17 PM,20.85,2.47,,,
53,20190323,8:58 PM,26.93,3.32,,,
52,20190322,9:18 PM,24.57,2.59,,,
51,20190321,9:06 PM,22.97,2.57,,,
50,20190320,9:07 PM,30.37,3.45,,,
49,20190319,9:28 PM,29.6,3.27,,,
48,20190318,8:20 AM,34.77,4.36,,,
48,20190318,9:17 PM,25.5,2.62,,,
47,20190317,8:33 PM,32.32,3.37,,,
46,20190316,9:18 PM,27.98,3.27,,,
45,20190315,9:19 PM,28.22,3.37,,,
44,20190314,8:24 PM,28.3,3.37,,,
43,20190313,8:48 PM,21.3,2.52,,,
42,20190312,9:01 PM,20.23,2.3,,,
41,20190311,9:22 PM,20.28,2.36,,,
40,20190310,10:26 PM,20.05,2.57,,,
39,20190309,4:49 PM,21.55,2.95,,,
38,20190308,8:04 AM,18.15,2.25,,,
37,20190307,7:51 AM,30.95,3.96,,,
36,20190306,8:26 AM,29.78,4.02,,,
35,20190305,8:07 AM,13.98,1.84,,,
34,20190304,5:46 PM,36.73,4.5,,,
33,20190303,11:22 PM,20.3,2.61,,,
32,20190302,9:38 PM,26.03,3.37,,,
31,20190301,8:21 AM,32.42,4.18,,,
30,20190228,5:49 PM,32.6,4.17,,,
29,20190227,8:24 AM,33.07,4.3,,,
28,20190226,8:53 AM,21.12,2.63,,,
27,20190225,11:14 PM,9.52,1.33,,,
26,20190224,11:35 PM,19.92,2.57,,,
25,20190223,11:35 PM,7.5,0.97,,,
24,20190222,8:46 AM,35.85,4.52,,,
23,20190221,9:27 AM,35.27,4.55,,,
22,20190220,9:24 AM,14.88,2,,,
21,20190219,11:44 PM,16.85,2.2,,,
20,20190218,11:35 PM,18.7,2.42,,,
19,20190217,5:35 PM,24.92,3.39,,,
18,20190216,11:21 PM,20.8,2.69,,,
17,20190215,8:14 AM,34.68,4.27,,,
16,20190214,11:14 PM,25.38,3.37,,,
15,20190213,9:30 PM,29.37,3.66,,,
14,20190212,10:05 PM,23.07,2.78,,,
13,20190211,11:36 PM,21.75,2.67,,,
12,20190210,11:26 PM,23.18,3.04,,,
11,20190209,9:28 PM,23.3,2.8,,,
10,20190208,10:21 AM,24.95,3.11,,,
9,20190207,4:07 PM,25.27,3.23,,,
8,20190206,4:49 PM,20.42,2.53,,,
7,20190205,9:55 AM,16.18,1.98,,,
6,20190204,8:13 AM,22.25,2.68,,,
5,20190203,9:09 PM,31.07,3.88,,,
4,20190202,7:54 AM,27.28,3.42,,,
3,20190201,8:06 PM,19.67,2.27,,,
2,20190131,8:06 PM,15.5,1.75,,,
1,20190130,10:01 PM,15.22,1.73,,,
52,20190128,8:45 PM,30.23,3.36,,,
51,20190127,8:35 PM,15.47,1.67,,,
50,20190126,8:46 PM,30.15,3.39,,,
49,20190125,9:00 PM,29.87,3.36,,,
48,20190124,11:36 PM,19.97,2.39,,,
47,20190123,9:04 PM,10.35,1.15,,,
46,20190122,9:55 PM,13.93,1.41,,,
45,20190121,9:10 PM,15.8,1.53,,,
44,20190120,9:35 AM,15.75,1.52,,,
43,20190119,8:52 PM,20.38,2.3,,,
42,20190118,9:54 PM,21.2,2.38,,,
41,20190117,8:29 AM,33.12,4.29,,,
40,20190116,7:50 AM,32.98,4.33,,,
39,20190115,9:31 PM,20.03,2.24,,,
38,20190114,5:16 PM,36.47,4.61,,,
37,20190113,9:12 PM,21.63,2.51,,,
36,20190112,8:25 PM,21.3,2.38,,,
35,20190111,9:15 PM,31.43,3.25,,,
34,20190110,8:36 AM,31.38,4.16,,,
33,20190109,4:29 AM,34.82,4.37,,,
32,20190108,8:18 AM,32.38,4.28,,,
31,20190107,5:32 PM,29.13,3.69,,,
30,20190106,1:33 PM,36.98,4.27,,,
29,20190105,8:58 PM,28.37,3.41,,,
28,20190104,8:38 AM,32.65,4.34,,,
27,20190103,8:25 AM,35.73,4.54,,,
26,20190102,7:58 AM,34.48,4.27,,,
25,20190101,3:13 PM,24,3.35,,,
24,20181231,8:18 AM,33.6,4.29,,,
23,20181230,9:26 PM,26.87,3.32,,,
22,20181229,8:45 PM,27.77,3.33,,,
21,20181228,8:20 AM,34.32,4.53,,,
20,20181227,5:21 PM,29.47,3.71,,,
19,20181226,8:55 AM,31.42,4.14,,,
18,20181225,8:13 PM,26.52,3.27,,,
17,20181224,8:35 PM,28.05,3.33,,,
16,20181223,3:40 PM,27.15,3.39,,,
15,20181222,8:19 AM,9.68,0.97,,,
14,20181221,8:53 AM,33.43,4.35,,,
13,20181220,5:31 PM,34.63,4.37,,,
12,20181219,5:13 PM,34.93,4.35,,,
11,20181218,9:33 AM,34,4.35,,,
10,20181217,9:00 AM,33.55,4.29,,,
9,20181216,9:35 PM,20.48,2.5,,,
8,20181215,8:56 PM,25.57,3.39,,,
7,20181214,8:42 AM,33.9,4.39,,,
6,20181213,11:34 PM,20.28,2.73,,,
5,20181212,7:43 AM,34.15,4.36,,,
4,20181211,9:46 PM,27.48,3.45,,,
3,20181210,9:03 PM,19.45,2.56,,,
2,20181209,8:59 AM,20.67,2.65,,,
1,20181208,12:00 AM,20.1,2.54,,,
1,20181208,12:17 PM,24.72,3.38,,,
33,20181206,9:05 AM,36.37,4.57,,,
32,20181205,8:16 AM,36.45,4.56,,,
31,20181204,9:17 AM,37.02,4.54,,,
30,20181203,8:35 PM,28.47,3.4,,,
29,20181202,8:33 PM,33.8,3.87,,,
28,20181201,8:43 PM,28,3.36,,,
27,20181130,7:57 AM,34.37,4.35,,,
26,20181129,9:05 AM,33.52,4.31,,,
25,20181128,5:19 PM,33.77,3.73,,,
24,20181127,8:28 AM,21.72,2.84,,,
23,20181126,7:56 AM,35.12,4.35,,,
22,20181125,8:35 PM,28.15,3.42,,,
21,20181124,9:11 PM,30.27,3.45,,,
20,20181123,7:56 AM,34.5,4.4,,,
19,20181122,10:41 PM,20.78,2.43,,,
18,20181121,7:29 AM,34.67,4.36,,,
17,20181120,8:36 AM,35.28,4.33,,,
16,20181119,7:41 AM,36.73,4.47,,,
15,20181118,8:11 PM,23.77,2.52,,,
14,20181117,8:19 PM,28.2,3.3,,,
13,20181116,7:33 AM,36.42,4.57,,,
12,20181115,8:26 PM,28.93,3.28,,,
11,20181114,7:38 AM,37.33,4.5,,,
10,20181113,8:16 AM,36.32,4.53,,,
9,20181112,7:29 AM,37.58,4.54,,,
8,20181111,8:11 PM,29.02,3.3,,,
7,20181110,8:33 PM,29.08,3.4,,,
6,20181109,7:49 AM,19.27,2.3,,,
5,20181108,11:49 PM,14.58,1.82,,,
4,20181107,8:37 AM,33.82,4.29,,,
3,20181106,5:26 PM,25.33,2.9,,,
2,20181105,8:42 AM,34.32,4.32,,,
1,20181104,7:44 AM,18.3,1.7,,,
11,20181102,9:17 AM,35.8,4.41,,,
10,20181101,9:04 PM,29.9,3.33,,,
9,20181031,8:21 AM,35.17,4.41,,,
8,20181030,5:38 PM,36.43,4.41,,,
7,20181029,8:52 AM,35.3,4.34,,,
6,20181028,9:45 PM,30.43,3.35,,,
5,20181027,11:27 PM,20.5,2.31,,,
4,20181026,8:42 AM,37.83,4.3,,,
3,20181025,10:38 PM,28.12,3.29,,,
2,20181024,8:30 AM,34.95,4.28,,,
1,20181023,5:09 PM,36.28,4.26,,,
3,20181009,7:53 AM,20.2,2.53,,,
2,20181008,8:04 AM,20.42,2.61,,,
1,20181007,11:10 PM,20.33,2.51,,,
7,20181005,9:20 PM,19.95,2.43,,,
6,20181004,9:58 AM,19.95,2.51,,,
5,20181003,10:17 AM,19.97,2.43,,,
4,20181002,10:13 PM,20.63,2.38,,,
3,20181001,7:23 PM,15.45,1.8,,,
2,20180930,4:18 PM,20.08,2.51,,,
1,20180929,9:09 PM,21.17,2.76,,,
3,20180926,11:40 PM,19.42,2.47,,,
2,20180925,7:20 AM,33.65,4.23,,,
1,20180924,9:35 PM,16.02,2.01,,,
25,20180922,11:40 PM,14.28,1.81,,,
24,20180921,9:15 PM,25.05,3.28,,,
23,20180920,8:01 AM,36.35,4.34,,,
22,20180919,5:31 PM,34.07,4.25,,,
21,20180918,8:16 AM,35.33,4.45,,,
20,20180917,11:16 PM,20.33,2.52,,,
19,20180916,9:56 AM,24.15,3.22,,,
18,20180915,11:29 PM,20.72,2.5,,,
17,20180914,11:06 AM,35.07,4.33,,,
16,20180913,5:10 PM,36,4.38,,,
15,20180912,8:18 AM,34.5,4.28,,,
14,20180911,11:48 AM,35.1,4.33,,,
13,20180910,4:48 PM,35.65,4.2,,,
12,20180909,8:18 PM,16.1,2.05,,,
11,20180908,8:45 PM,20.33,2.52,,,
10,20180907,9:45 AM,33.22,4.3,,,
9,20180906,4:19 PM,30.02,3.68,,,
8,20180905,7:53 AM,34.62,4.41,,,
7,20180904,7:33 AM,34.65,4.39,,,
6,20180903,10:30 AM,21.03,2.48,,,
5,20180902,9:53 AM,24.2,3.24,,,
4,20180901,1:50 PM,24.2,3.19,,,
3,20180831,8:22 AM,33.98,4.37,,,
2,20180830,8:43 AM,36.48,4.41,,,
1,20180829,11:34 PM,20.77,2.53,,,
4,20180827,9:30 PM,28.25,3.25,,,
3,20180826,8:08 PM,27.55,3.25,,,
2,20180825,7:58 AM,12.6,1.1,,,
1,20180824,8:06 PM,29.45,3.28,,,
3,20180819,8:24 PM,28.03,3.28,,,
2,20180818,10:01 PM,27.82,3.33,,,
1,20180817,9:32 PM,29.05,3.26,,,
2,20180815,8:34 AM,37.72,4.75,,,
1,20180814,8:33 AM,32.57,4.04,,,
1,20180812,9:08 PM,27.8,3.32,,,
2,20180809,7:46 AM,30.27,3.41,,,
1,20180808,8:08 AM,32.92,3.59,,,
2,20180805,9:13 PM,28.62,3.28,,,
1,20180804,9:30 PM,29.15,3.28,,,
1,20180730,8:03 AM,26.02,3.25,,,
1,20180728,9:19 PM,26.42,3.28,,,
2,20180726,7:55 AM,33.77,4.14,,,
1,20180725,6:55 AM,33.92,4.18,,,
1,20180720,8:28 AM,9.75,1.27,,,
1,20180716,8:48 AM,40.4,4.9,,,
1,20180714,8:57 PM,30.18,3.32,,,
2,20180708,9:11 PM,30.75,3.25,,,
1,20180707,10:05 PM,16.15,1.94,,,
1,20180704,9:27 PM,31.23,3.29,,,
5,20180702,5:28 PM,32.07,4.04,,,
4,20180701,11:49 PM,20.27,2.64,,,
3,20180630,11:51 AM,26.57,3.26,,,
2,20180629,9:51 PM,27.82,3.3,,,
1,20180628,10:38 AM,28.22,3.27,,,
3,20180626,9:01 AM,27.52,3.49,,,
2,20180625,5:10 PM,32.53,4.04,,,
1,20180624,1:15 PM,19.42,2.07,,,
5,20180622,8:27 AM,37.88,4.88,,,
4,20180621,8:15 AM,35.9,4.32,,,
3,20180620,7:19 AM,33.18,4.04,,,
2,20180619,8:17 AM,38.98,4.8,,,
1,20180618,1:58 AM,16,2.03,,,
4,20180616,8:10 AM,23.83,2.54,,,
3,20180615,11:11 PM,26.38,3.23,,,
2,20180614,10:56 PM,25.42,3.23,,,
1,20180613,7:48 AM,33.9,4.05,,,
1,20180611,1:08 AM,20.6,2.65,,,
3,20180606,7:56 AM,39.35,4.81,,,
2,20180605,7:44 AM,38.15,4.71,,,
1,20180604,8:29 AM,37.68,4.84,,,
1,20180531,8:10 AM,37.65,4.79,,,
1,20180528,5:24 PM,21,2.79,,,
1,20180525,7:34 AM,37.12,4.74,,,
2,20180523,8:04 AM,37.03,4.73,,,
1,20180522,11:49 PM,7.42,0.96,,,
8,20180519,3:43 PM,20.28,2.43,,,
7,20180518,8:06 AM,37.32,4.74,,,
6,20180517,10:43 PM,25.82,3.27,,,
5,20180516,8:11 AM,37.93,4.83,,,
4,20180515,8:01 AM,37.95,4.74,,,
3,20180514,7:34 AM,38.62,4.76,,,
2,20180513,9:40 PM,25.83,3.27,,,
1,20180512,11:32 PM,19.95,1.98,,,
1,20180509,9:45 PM,15.05,1.92,,,
6,20180507,7:47 AM,10.27,0.59,,,
5,20180506,7:22 AM,29.43,3.8,,,
4,20180505,7:49 AM,24.28,2.83,,,
3,20180504,6:16 AM,30.33,3.86,,,
2,20180503,8:56 PM,31.43,3.81,,,
1,20180502,9:16 PM,25.3,3.25,,,
1,20180430,8:35 AM,24.47,3.12,,,
3,20180428,7:09 AM,26.48,3.33,,,
2,20180427,5:44 AM,25.15,3.26,,,
1,20180426,6:58 AM,30.8,4.03,,,
1,20180423,5:27 PM,33.13,4.14,,,
6,20180421,7:42 AM,26.25,3.28,,,
5,20180420,8:12 AM,38.37,4.89,,,
4,20180419,4:51 PM,34.43,4.36,,,
3,20180418,10:16 PM,20.42,2.64,,,
2,20180417,8:12 AM,38.35,4.89,,,
1,20180416,5:54 PM,31,4.08,,,
1,20180413,6:11 PM,35.4,4.35,,,
1,20180409,5:43 PM,32.4,4.06,,,
2,20180407,7:17 PM,23.98,3.25,,,
1,20180406,4:42 PM,32.57,4.06,,,
1,20180404,8:21 AM,31.7,4.07,,,
3,20180402,5:41 PM,31.6,4.12,,,
2,20180401,10:33 AM,24.32,3.28,,,
1,20180331,6:40 PM,20.23,2.66,,,
2,20180325,7:59 AM,27.02,3.28,,,
1,20180324,9:41 PM,21.48,2.71,,,
4,20180322,8:19 AM,42.3,4.94,,,
3,20180321,6:21 PM,33.03,4.15,,,
2,20180320,8:18 AM,41.75,4.91,,,
1,20180319,6:09 PM,38.37,4.47,,,
1,20180317,11:29 PM,20.07,2.67,,,
1,20180314,8:37 AM,23.42,3.26,,,
2,20180311,9:46 AM,73.65,9.95,,,
1,20180310,6:23 PM,20.6,2.52,,,
2,20180308,5:38 PM,33.17,4.13,,,
1,20180307,8:05 AM,37.58,4.76,,,
4,20180305,8:23 AM,39.97,4.7,,,
3,20180304,7:14 AM,118.77,13.47,,,
2,20180303,5:28 PM,25.58,3.27,,,
1,20180302,8:40 AM,38.17,4.75,,,
3,20180227,8:22 AM,31.52,4.07,,,
2,20180226,5:24 PM,33.02,4.16,,,
1,20180225,11:30 PM,20,2.53,,,
2,20180222,8:18 AM,37.75,4.77,,,
1,20180221,8:11 AM,37.23,4.76,,,
1,20180219,5:54 PM,33.92,4.12,,,
4,20180217,6:41 PM,24.62,3.24,,,
3,20180216,2:40 PM,24.43,3.3,,,
2,20180215,3:33 PM,20.25,2.72,,,
1,20180214,8:22 AM,38.97,4.91,,,
1,20180210,8:34 AM,31.25,3.74,,,
2,20180208,8:36 AM,39.08,4.8,,,
1,20180207,5:42 PM,33.75,4.11,,,
2,20180205,5:51 PM,33.45,4.14,,,
1,20180204,5:17 PM,74.22,10.02,,,
1,20180201,5:02 PM,33.08,4.19,,,
1,20180129,6:27 PM,34.4,4.16,,,
1,20180126,5:48 AM,14.85,1.87,,,
4,20180123,7:07 AM,33.43,4.17,,,
3,20180122,7:17 AM,32.48,4.11,,,
2,20180121,5:14 PM,25.57,3.35,,,
1,20180120,8:19 AM,49.27,6.12,,,
1,20180118,9:55 PM,25.2,3.32,,,
2,20180116,7:51 AM,32.62,4.27,,,
1,20180115,7:57 AM,40.63,4.79,,,
1,20180112,11:45 AM,24.95,3.34,,,
1,20180109,8:11 AM,38.88,4.8,,,
1,20180106,8:44 AM,24.2,3.38,,,
1,20180103,8:15 AM,32.15,4.14,,,
2,20180101,8:57 AM,25.68,3.38,,,
1,20171231,6:01 PM,16.47,2.11,,,
4,20171227,8:53 AM,37.57,4.75,,,
3,20171226,8:59 AM,38.58,4.79,,,
2,20171225,6:02 PM,24.85,3.32,,,
1,20171224,4:37 PM,27.3,3.27,,,
5,20171221,8:46 AM,32.95,4.11,,,
4,20171220,8:31 AM,37.4,4.83,,,
3,20171219,5:26 PM,34.3,4.15,,,
2,20171218,8:35 AM,39.68,4.78,,,
1,20171217,9:28 AM,24.15,3.28,,,
1,20171215,9:16 AM,31.95,4.13,,,
1,20171211,8:02 AM,39.52,4.89,,,
6,20171209,9:15 AM,26.82,3.31,,,
5,20171208,10:24 PM,24.68,3.22,,,
4,20171207,8:43 AM,32.68,4.13,,,
3,20171206,5:23 PM,34.88,4.18,,,
2,20171205,5:41 PM,24.18,3.3,,,
1,20171204,4:39 PM,34.73,4.17,,,
8,20171202,9:20 PM,25.65,3.36,,,
7,20171201,8:50 AM,33.13,4.28,,,
6,20171130,5:37 PM,28.1,4.06,,,
5,20171129,8:33 AM,36.98,4.83,,,
4,20171128,8:20 AM,37.93,4.93,,,
3,20171127,5:08 PM,31.1,4.14,,,
2,20171126,6:08 PM,27.22,3.35,,,
1,20171125,8:44 AM,22.5,3.32,,,
3,20171123,1:02 PM,22.9,3.37,,,
2,20171122,8:16 AM,37.53,4.77,,,
1,20171121,8:10 AM,38.38,4.77,,,
1,20171119,8:22 AM,70.62,8.79,,,
3,20171117,8:05 AM,38.37,4.83,,,
2,20171116,5:39 PM,24.22,3.06,,,
1,20171115,4:58 PM,32.52,4.15,,,
1,20171113,8:32 AM,39.52,4.8,,,
5,20171109,8:06 AM,33.57,4.29,,,
4,20171108,5:26 PM,33.53,4.18,,,
3,20171107,5:34 PM,33.35,4.21,,,
2,20171106,5:32 PM,34.28,4.18,,,
1,20171105,8:50 PM,24.82,3.37,,,
5,20171103,6:08 AM,20.5,2.62,,,
4,20171102,8:16 AM,35.78,4.76,,,
3,20171101,5:38 PM,31.27,4.18,,,
2,20171031,8:40 PM,24.28,3.32,,,
1,20171030,5:44 PM,31.42,4.1,,,
3,20171028,9:23 PM,20.67,2.68,,,
2,20171027,8:33 AM,16.6,2.2,,,
1,20171026,5:37 PM,32.12,4.14,,,
1,20171023,12:30 AM,12.7,1.65,,,
1,20171023,8:27 AM,35.32,4.76,,,
2,20171021,11:40 AM,26.42,3.2,,,
1,20171020,5:04 PM,33.08,4.34,,,
4,20171017,5:43 PM,34.27,4.26,,,
3,20171016,9:41 PM,24.5,3.36,,,
2,20171015,8:03 AM,20.73,2.84,,,
1,20171014,9:22 AM,31.98,3.82,,,
3,20171012,8:22 AM,33.7,4.42,,,
2,20171011,8:11 AM,37.4,4.85,,,
1,20171010,11:52 PM,20.3,2.67,,,
4,20171008,9:02 PM,24.43,3.36,,,
3,20171007,2:21 PM,28.62,3.55,,,
2,20171006,8:12 AM,38.63,4.81,,,
1,20171005,5:52 PM,3.03,0.33,,,
1,20171005,6:01 PM,34.07,4.36,,,
18,20171002,7:04 PM,35.57,4.32,,,
17,20171001,9:36 PM,25.63,3.39,,,
16,20170930,10:02 AM,31.95,3.83,,,
15,20170929,8:35 AM,32.72,4.42,,,
14,20170928,6:11 PM,32.92,4.32,,,
13,20170927,5:28 PM,39.53,5.09,,,
12,20170926,5:55 PM,34.43,4.32,,,
11,20170925,4:59 PM,34.12,4.33,,,
10,20170924,10:11 PM,20.35,2.67,,,
9,20170923,10:28 AM,27.67,3.35,,,
8,20170922,8:08 AM,37.27,4.79,,,
7,20170921,7:53 AM,32.3,4.34,,,
6,20170920,4:38 PM,33.85,4.32,,,
5,20170919,8:16 AM,34.05,4.39,,,
4,20170918,4:40 PM,33.7,4.31,,,
3,20170917,8:38 AM,24.65,3.32,,,
2,20170916,7:15 AM,25.08,3.38,,,
1,20170915,6:28 AM,30.93,3.96,,,
1,20170913,8:17 AM,33.88,4.53,,,
6,20170911,4:23 PM,33.35,4.3,,,
5,20170910,9:41 PM,25.82,3.34,,,
4,20170909,7:14 AM,30.83,4.09,,,
3,20170908,10:24 PM,31.87,4.25,,,
2,20170907,5:38 PM,33.07,4.32,,,
1,20170906,6:08 PM,33.23,4.31,,,
9,20170904,10:27 PM,23.78,3.33,,,
8,20170903,9:30 PM,24.85,3.37,,,
7,20170902,9:33 PM,24.98,3.34,,,
6,20170901,5:22 PM,21.82,2.93,,,
5,20170831,5:17 PM,33.78,4.31,,,
4,20170830,4:26 PM,37.42,4.22,,,
3,20170829,5:30 PM,33.4,4.33,,,
2,20170828,5:20 PM,34.1,4.5,,,
1,20170827,8:43 AM,23.57,3.35,,,
2,20170824,5:28 PM,35.07,4.47,,,
1,20170823,5:39 PM,31.53,4.33,,,
1,20170821,5:10 PM,32.45,4.33,,,
1,20170819,9:59 PM,24.68,3.3,,,
8,20170817,5:49 PM,32.45,4.39,,,
7,20170816,5:40 PM,34.1,4.59,,,
6,20170815,5:41 PM,32.55,4.42,,,
5,20170814,5:25 PM,33.08,4.32,,,
4,20170813,8:57 PM,24.8,3.34,,,
3,20170812,10:57 PM,24.52,3.31,,,
2,20170811,5:59 PM,33.52,4.33,,,
1,20170810,6:08 PM,33.83,4.37,,,
6,20170808,5:19 PM,33.35,4.37,,,
5,20170807,5:39 PM,33.05,4.4,,,
4,20170806,11:25 PM,25.62,3.34,,,
3,20170805,10:42 PM,26.23,3.35,,,
2,20170804,10:02 PM,25.57,3.34,,,
1,20170803,8:09 AM,33.78,4.55,,,
3,20170801,8:45 AM,35.17,4.77,,,
2,20170731,5:12 PM,33.3,4.34,,,
1,20170730,10:08 PM,25.83,3.34,,,
10,20170727,8:18 AM,31.73,4.27,,,
9,20170726,6:13 AM,24.85,3.36,,,
8,20170725,5:20 PM,33.77,4.31,,,
7,20170724,10:15 PM,24.77,3.33,,,
6,20170723,10:06 PM,41,5.49,,,
5,20170722,10:35 AM,29.58,4.17,,,
4,20170721,8:15 AM,35.85,4.85,,,
3,20170720,5:59 PM,32.47,4.37,,,
2,20170719,6:13 PM,1.03,0.11,,,
2,20170719,6:25 PM,34.12,4.52,,,
1,20170718,5:29 PM,32.65,4.3,,,
14,20170716,9:37 PM,24.85,3.33,,,
13,20170715,10:48 PM,24.27,3.35,,,
12,20170714,5:28 PM,32.37,4.3,,,
11,20170713,5:08 PM,32.7,4.32,,,
10,20170712,9:00 AM,34.98,4.78,,,
9,20170711,8:21 AM,35.45,4.82,,,
8,20170710,8:19 AM,36.17,4.79,,,
7,20170709,4:01 PM,30.95,4.26,,,
6,20170708,5:05 PM,30.63,4.28,,,
5,20170707,8:32 AM,35.58,4.79,,,
4,20170706,7:50 AM,32.97,4.49,,,
3,20170705,5:26 PM,33.57,4.42,,,
2,20170704,6:58 AM,30.52,4.27,,,
1,20170703,8:32 AM,36.8,4.78,,,
13,20170701,8:28 AM,49,6.1,,,
12,20170630,10:36 PM,27.22,3.37,,,
11,20170629,8:20 AM,32.38,4.44,,,
10,20170628,10:37 PM,41.17,5.69,,,
9,20170627,7:59 AM,36,4.82,,,
8,20170626,8:27 AM,0.2,0.01,,,
7,20170625,7:07 AM,30.47,4.19,,,
6,20170624,9:10 PM,31.2,4.06,,,
5,20170623,8:15 AM,35.68,4.8,,,
4,20170622,10:34 PM,30.77,4.05,,,
3,20170621,8:53 PM,38.32,4.91,,,
2,20170620,9:00 AM,28.73,4.32,,,
1,20170619,8:05 AM,38.03,4.91,,,
2,20170617,10:25 AM,43.1,6.12,,,
1,20170616,8:03 AM,37.67,4.92,,,
1,20170614,7:52 AM,36.9,4.79,,,
5,20170612,7:55 AM,37.5,4.83,,,
4,20170611,11:01 PM,46.38,6.12,,,
3,20170610,3:43 PM,43.7,6.13,,,
2,20170609,8:13 AM,56.12,6.38,,,
1,20170608,11:06 PM,45.03,6.14,,,
7,20170606,11:22 AM,48.25,6.11,,,
6,20170605,7:05 AM,45,6.12,,,
5,20170604,10:26 AM,65.42,8.61,,,
4,20170603,7:57 AM,30.65,4.12,,,
3,20170602,9:00 PM,50.7,6.18,,,
2,20170601,6:18 AM,45.1,6.12,,,
1,20170531,6:38 AM,40.43,5.54,,,
9,20170529,4:22 PM,45.83,5.83,,,
8,20170528,7:45 AM,40.48,5.47,,,
7,20170527,7:51 AM,40.33,4.84,,,
6,20170526,6:43 AM,40.6,5.73,,,
5,20170525,7:29 AM,40.55,5.65,,,
4,20170524,12:38 PM,31.05,4.3,,,
3,20170523,8:14 AM,30.15,4.29,,,
2,20170522,9:00 AM,40.57,5.01,,,
1,20170521,7:20 AM,30.45,4.2,,,
1,20170518,11:26 PM,30.33,4.23,,,
2,20170515,11:05 PM,30.5,3.96,,,
1,20170514,3:58 PM,26.58,3.35,,,
4,20170512,9:13 PM,30.23,3.88,,,
3,20170511,10:22 PM,12.45,1.48,,,
2,20170510,6:48 AM,31.12,4.21,,,
1,20170509,7:06 AM,30.67,4.32,,,
1,20170505,7:59 AM,35.17,4.8,,,
2,20170429,7:58 AM,21.87,3.08,,,
1,20170428,6:31 AM,7.87,1.31,,,
2,20170403,11:29 AM,30.97,4.3,,,
1,20170402,10:07 PM,30.27,4.01,,,
1,20170327,6:45 AM,30.45,4.37,,,
1,20170318,11:15 AM,30.4,3.95,,,
1,20170314,1:22 PM,25.6,3.52,,,
1,20170309,7:19 AM,23.68,3.35,,,